Workbook

Sheet data asli x100
A2: PENGAMATAN PASANG SURUT WOLO-KOLAKA
A3: SELAMA 30 HARI
L5: Data Pengamatan Pasang Surut 30 Hari
A6: No. | B6: Tanggal dan Jam Pengamtan | C6: Elevasi Pasut | L6: No. | M6: Tanggal | N6: Jam
C7: cm | D7: m | N7: 0 | O7: 0.041666667 | P7: 0.083333333 | Q7: 0.125 | R7: 0.16666667 | S7: 0.20833333 | T7: 0.25 | U7: 0.29166667 | V7: 0.33333333 | W7: 0.375 | X7: 0.41666667 | Y7: 0.45833333 | Z7: 0.5 | AA7: 0.54166667 | AB7: 0.58333333 | AC7: 0.625 | AD7: 0.66666667 | AE7: 0.70833333 | AF7: 0.75 | AG7: 0.79166667 | AH7: 0.83333333 | AI7: 0.875 | AJ7: 0.91666667 | AK7: 0.95833333
A8: =A7+1 -> 1 | B8: 44709 | C8: =D8*100 -> 136 | D8: 1.36 | F8: =D8-0.5 -> 0.86 | L8: 1 | M8: 43599 | N8: {=TRANSPOSE(D8:D31)} -> 1.36 | O8: 1.655 | P8: 1.983 | Q8: 2.247 | R8: 2.39 | S8: 2.43 | T8: 2.317 | U8: 2.121 | V8: 1.884 | W8: 1.637 | X8: 1.454 | Y8: 1.354 | Z8: 1.42 | AA8: 1.561 | AB8: 1.731 | AC8: 1.889 | AD8: 1.949 | AE8: 1.9 | AF8: 1.733 | AG8: 1.55 | AH8: 1.324 | AI8: 1.108 | AJ8: 0.969 | AK8: 0.991
A9: =A8+1 -> 2 | B9: 44709.042 | C9: =D9*100 -> 165.5 | D9: 1.655 | F9: =D9-0.5 -> 1.155 | L9: 2 | M9: 43600 | N9: {=TRANSPOSE(D32:D55)} -> 1.138 | O9: 1.439 | P9: 1.847 | Q9: 2.223 | R9: 2.491 | S9: 2.581 | T9: 2.519 | U9: 2.326 | V9: 2.024 | W9: 1.719 | X9: 1.441 | Y9: 1.253 | Z9: 1.232 | AA9: 1.332 | AB9: 1.5 | AC9: 1.693 | AD9: 1.833 | AE9: 1.84 | AF9: 1.742 | AG9: 1.583 | AH9: 1.332 | AI9: 1.067 | AJ9: 0.813 | AK9: 0.754
A10: =A9+1 -> 3 | B10: 44709.083 | C10: =D10*100 -> 198.3 | D10: 1.983 | F10: =D10-0.5 -> 1.483 | L10: 3 | M10: 43601 | N10: {=TRANSPOSE(D56:D79)} -> 0.906 | O10: 1.231 | P10: 1.627 | Q10: 2.055 | R10: 2.456 | S10: 2.714 | T10: 2.728 | U10: 2.552 | V10: 2.228 | W10: 1.828 | X10: 1.485 | Y10: 1.22 | Z10: 1.136 | AA10: 1.234 | AB10: 1.434 | AC10: 1.641 | AD10: 1.778 | AE10: 1.821 | AF10: 1.787 | AG10: 1.626 | AH10: 1.399 | AI10: 1.146 | AJ10: 0.885 | AK10: 0.702
A11: =A10+1 -> 4 | B11: 44709.125 | C11: =D11*100 -> 224.7 | D11: 2.247 | F11: =D11-0.5 -> 1.747 | L11: 4 | M11: 43602 | N11: {=TRANSPOSE(D80:D103)} -> 0.743 | O11: 1.009 | P11: 1.395 | Q11: 1.884 | R11: 2.352 | S11: 2.696 | T11: 2.815 | U11: 2.738 | V11: 2.46 | W11: 2.028 | X11: 1.653 | Y11: 1.345 | Z11: 1.18 | AA11: 1.152 | AB11: 1.261 | AC11: 1.47 | AD11: 1.668 | AE11: 1.771 | AF11: 1.765 | AG11: 1.653 | AH11: 1.444 | AI11: 1.226 | AJ11: 0.956 | AK11: 0.738
A12: =A11+1 -> 5 | B12: 44709.167 | C12: =D12*100 -> 239 | D12: 2.39 | F12: =D12-0.5 -> 1.89 | L12: 5 | M12: 43603 | N12: {=TRANSPOSE(D104:D127)} -> 0.687 | O12: 0.864 | P12: 1.246 | Q12: 1.701 | R12: 2.193 | S12: 2.595 | T12: 2.818 | U12: 2.84 | V12: 2.657 | W12: 2.288 | X12: 1.882 | Y12: 1.515 | Z12: 1.27 | AA12: 1.169 | AB12: 1.225 | AC12: 1.375 | AD12: 1.594 | AE12: 1.784 | AF12: 1.839 | AG12: 1.745 | AH12: 1.554 | AI12: 1.295 | AJ12: 0.963 | AK12: 0.762
A13: =A12+1 -> 6 | B13: 44709.208 | C13: =D13*100 -> 243 | D13: 2.43 | F13: =D13-0.5 -> 1.93 | L13: 6 | M13: 43604 | N13: {=TRANSPOSE(D128:D151)} -> 0.658 | O13: 0.75 | P13: 1.061 | Q13: 1.493 | R13: 1.999 | S13: 2.435 | T13: 2.745 | U13: 2.846 | V13: 2.758 | W13: 2.506 | X13: 2.123 | Y13: 1.749 | Z13: 1.429 | AA13: 1.261 | AB13: 1.231 | AC13: 1.372 | AD13: 1.588 | AE13: 1.769 | AF13: 1.813 | AG13: 1.777 | AH13: 1.641 | AI13: 1.408 | AJ13: 1.151 | AK13: 0.904
A14: =A13+1 -> 7 | B14: 44709.25 | C14: =D14*100 -> 231.7 | D14: 2.317 | F14: =D14-0.5 -> 1.817 | L14: 7 | M14: 43605 | N14: {=TRANSPOSE(D152:D175)} -> 0.74 | O14: 0.754 | P14: 0.947 | Q14: 1.305 | R14: 1.754 | S14: 2.185 | T14: 2.547 | U14: 2.758 | V14: 2.773 | W14: 2.598 | X14: 2.278 | Y14: 1.887 | Z14: 1.562 | AA14: 1.349 | AB14: 1.28 | AC14: 1.35 | AD14: 1.527 | AE14: 1.68 | AF14: 1.779 | AG14: 1.766 | AH14: 1.683 | AI14: 1.475 | AJ14: 1.263 | AK14: 1.023
A15: =A14+1 -> 8 | B15: 44709.292 | C15: =D15*100 -> 212.1 | D15: 2.121 | F15: =D15-0.5 -> 1.621 | L15: 8 | M15: 43606 | N15: {=TRANSPOSE(D176:D199)} -> 0.797 | O15: 0.734 | P15: 0.857 | Q15: 1.16 | R15: 1.54 | S15: 1.989 | T15: 2.356 | U15: 2.595 | V15: 2.689 | W15: 2.586 | X15: 2.339 | Y15: 1.991 | Z15: 1.698 | AA15: 1.4355 | AB15: 1.319 | AC15: 1.304 | AD15: 1.421 | AE15: 1.594 | AF15: 1.748 | AG15: 1.82 | AH15: 1.771 | AI15: 1.588 | AJ15: 1.36 | AK15: 1.124
A16: =A15+1 -> 9 | B16: 44709.333 | C16: =D16*100 -> 188.4 | D16: 1.884 | F16: =D16-0.5 -> 1.384 | L16: 9 | M16: 43607 | N16: {=TRANSPOSE(D200:D223)} -> 0.905 | O16: 0.786 | P16: 0.845 | Q16: 1.07 | R16: 1.413 | S16: 1.792 | T16: 2.179 | U16: 2.442 | V16: 2.563 | W16: 2.552 | X16: 2.406 | Y16: 2.115 | Z16: 1.805 | AA16: 1.564 | AB16: 1.439 | AC16: 1.408 | AD16: 1.479 | AE16: 1.593 | AF16: 1.721 | AG16: 1.808 | AH16: 1.805 | AI16: 1.667 | AJ16: 1.46 | AK16: 1.254
A17: =A16+1 -> 10 | B17: 44709.375 | C17: =D17*100 -> 163.7 | D17: 1.637 | F17: =D17-0.5 -> 1.137 | L17: 10 | M17: 43608 | N17: {=TRANSPOSE(D224:D247)} -> 1.047 | O17: 0.906 | P17: 0.871 | Q17: 1.024 | R17: 1.314 | S17: 1.668 | T17: 1.993 | U17: 2.25 | V17: 2.402 | W17: 2.422 | X17: 2.357 | Y17: 2.183 | Z17: 1.923 | AA17: 1.705 | AB17: 1.556 | AC17: 1.473 | AD17: 1.479 | AE17: 1.573 | AF17: 1.673 | AG17: 1.789 | AH17: 1.832 | AI17: 1.755 | AJ17: 1.556 | AK17: 1.375
A18: =A17+1 -> 11 | B18: 44709.417 | C18: =D18*100 -> 145.4 | D18: 1.454 | F18: =D18-0.5 -> 0.954 | L18: 11 | M18: 43609 | N18: {=TRANSPOSE(D248:D271)} -> 1.197 | O18: 1.058 | P18: 1.028 | Q18: 1.1 | R18: 1.307 | S18: 1.593 | T18: 1.886 | U18: 2.096 | V18: 2.241 | W18: 2.303 | X18: 2.247 | Y18: 2.124 | Z18: 1.986 | AA18: 1.808 | AB18: 1.629 | AC18: 1.535 | AD18: 1.502 | AE18: 1.511 | AF18: 1.595 | AG18: 1.724 | AH18: 1.796 | AI18: 1.766 | AJ18: 1.64 | AK18: 1.495
A19: =A18+1 -> 12 | B19: 44709.458 | C19: =D19*100 -> 135.4 | D19: 1.354 | F19: =D19-0.5 -> 0.854 | L19: 12 | M19: 43610 | N19: {=TRANSPOSE(D272:D295)} -> 1.373 | O19: 1.271 | P19: 1.234 | Q19: 1.273 | R19: 1.352 | S19: 1.526 | T19: 1.739 | U19: 1.905 | V19: 2.039 | W19: 2.087 | X19: 2.077 | Y19: 2.036 | Z19: 1.976 | AA19: 1.873 | AB19: 1.765 | AC19: 1.632 | AD19: 1.578 | AE19: 1.538 | AF19: 1.544 | AG19: 1.621 | AH19: 1.704 | AI19: 1.721 | AJ19: 1.693 | AK19: 1.61
A20: =A19+1 -> 13 | B20: 44709.5 | C20: =D20*100 -> 142 | D20: 1.42 | F20: =D20-0.5 -> 0.92 | L20: 13 | M20: 43611 | N20: {=TRANSPOSE(D296:D319)} -> 1.496 | O20: 1.437 | P20: 1.431 | Q20: 1.466 | R20: 1.539 | S20: 1.636 | T20: 1.707 | U20: 1.797 | V20: 1.843 | W20: 1.874 | X20: 1.899 | Y20: 1.924 | Z20: 1.894 | AA20: 1.835 | AB20: 1.789 | AC20: 1.674 | AD20: 1.576 | AE20: 1.509 | AF20: 1.468 | AG20: 1.484 | AH20: 1.527 | AI20: 1.544 | AJ20: 1.584 | AK20: 1.569
A21: =A20+1 -> 14 | B21: 44709.542 | C21: =D21*100 -> 156.1 | D21: 1.561 | F21: =D21-0.5 -> 1.061 | L21: 14 | M21: 43612 | N21: {=TRANSPOSE(D320:D343)} -> 1.62 | O21: 1.676 | P21: 1.669 | Q21: 1.699 | R21: 1.714 | S21: 1.714 | T21: 1.712 | U21: 1.73 | V21: 1.752 | W21: 1.723 | X21: 1.715 | Y21: 1.739 | Z21: 1.785 | AA21: 1.822 | AB21: 1.823 | AC21: 1.766 | AD21: 1.684 | AE21: 1.548 | AF21: 1.422 | AG21: 1.365 | AH21: 1.373 | AI21: 1.393 | AJ21: 1.458 | AK21: 1.561
A22: =A21+1 -> 15 | B22: 44709.583 | C22: =D22*100 -> 173.1 | D22: 1.731 | F22: =D22-0.5 -> 1.231 | L22: 15 | M22: 43613 | N22: {=TRANSPOSE(D344:D367)} -> 1.696 | O22: 1.816 | P22: 1.903 | Q22: 1.968 | R22: 2.012 | S22: 2 | T22: 1.913 | U22: 1.82 | V22: 1.722 | W22: 1.648 | X22: 1.6 | Y22: 1.581 | Z22: 1.608 | AA22: 1.664 | AB22: 1.743 | AC22: 1.78 | AD22: 1.718 | AE22: 1.617 | AF22: 1.493 | AG22: 1.368 | AH22: 1.243 | AI22: 1.198 | AJ22: 1.238 | AK22: 1.388
A23: =A22+1 -> 16 | B23: 44709.625 | C23: =D23*100 -> 188.9 | D23: 1.889 | F23: =D23-0.5 -> 1.389 | L23: 16 | M23: 43614 | N23: {=TRANSPOSE(D368:D391)} -> 1.592 | O23: 1.819 | P23: 2.048 | Q23: 2.238 | R23: 2.348 | S23: 2.309 | T23: 2.2 | U23: 2.009 | V23: 1.797 | W23: 1.61 | X23: 1.48 | Y23: 1.4 | Z23: 1.454 | AA23: 1.516 | AB23: 1.607 | AC23: 1.69 | AD23: 1.69 | AE23: 1.619 | AF23: 1.472 | AG23: 1.301 | AH23: 1.126 | AI23: 1.025 | AJ23: 1.028 | AK23: 1.153
A24: =A23+1 -> 17 | B24: 44709.667 | C24: =D24*100 -> 194.9 | D24: 1.949 | F24: =D24-0.5 -> 1.449 | L24: 17 | M24: 43615 | N24: {=TRANSPOSE(D392:D415)} -> 1.409 | O24: 1.714 | P24: 2.026 | Q24: 2.315 | R24: 2.521 | S24: 2.597 | T24: 2.545 | U24: 2.338 | V24: 2.061 | W24: 1.756 | X24: 1.526 | Y24: 1.375 | Z24: 1.337 | AA24: 1.409 | AB24: 1.519 | AC24: 1.613 | AD24: 1.65 | AE24: 1.596 | AF24: 1.472 | AG24: 1.308 | AH24: 1.126 | AI24: 0.944 | AJ24: 0.884 | AK24: 0.936
A25: =A24+1 -> 18 | B25: 44709.708 | C25: =D25*100 -> 190 | D25: 1.9 | F25: =D25-0.5 -> 1.4 | L25: 18 | M25: 43616 | N25: {=TRANSPOSE(D416:D439)} -> 1.159 | O25: 1.49 | P25: 1.871 | Q25: 2.257 | R25: 2.554 | S25: 2.73 | T25: 2.747 | U25: 2.598 | V25: 2.319 | W25: 1.99 | X25: 1.692 | Y25: 1.422 | Z25: 1.297 | AA25: 1.29 | AB25: 1.386 | AC25: 1.497 | AD25: 1.578 | AE25: 1.575 | AF25: 1.469 | AG25: 1.319 | AH25: 1.134 | AI25: 0.947 | AJ25: 0.781 | AK25: 0.748
A26: =A25+1 -> 19 | B26: 44709.75 | C26: =D26*100 -> 173.3 | D26: 1.733 | F26: =D26-0.5 -> 1.233 | L26: 19 | M26: 43617 | N26: {=TRANSPOSE(D440:D463)} -> 0.889 | O26: 1.194 | P26: 1.614 | Q26: 2.089 | R26: 2.474 | S26: 2.769 | T26: 2.88 | U26: 2.812 | V26: 2.568 | W26: 2.225 | X26: 1.904 | Y26: 1.585 | Z26: 1.381 | AA26: 1.281 | AB26: 1.295 | AC26: 1.425 | AD26: 1.492 | AE26: 1.559 | AF26: 1.511 | AG26: 1.368 | AH26: 1.19 | AI26: 1.001 | AJ26: 0.83 | AK26: 0.653
A27: =A26+1 -> 20 | B27: 44709.792 | C27: =D27*100 -> 155 | D27: 1.55 | F27: =D27-0.5 -> 1.05 | L27: 20 | M27: 43618 | N27: {=TRANSPOSE(D464:D487)} -> 0.652 | O27: 0.868 | P27: 1.252 | Q27: 1.748 | R27: 2.259 | S27: 2.645 | T27: 2.87 | U27: 2.889 | V27: 2.711 | W27: 2.422 | X27: 2.108 | Y27: 1.785 | Z27: 1.55 | AA27: 1.382 | AB27: 1.325 | AC27: 1.385 | AD27: 1.498 | AE27: 1.577 | AF27: 1.584 | AG27: 1.475 | AH27: 1.295 | AI27: 1.054 | AJ27: 0.808 | AK27: 0.626
A28: =A27+1 -> 21 | B28: 44709.833 | C28: =D28*100 -> 132.4 | D28: 1.324 | F28: =D28-0.5 -> 0.824 | L28: 21 | M28: 43619 | N28: {=TRANSPOSE(D488:D511)} -> 0.56 | O28: 0.685 | P28: 0.958 | Q28: 1.426 | R28: 1.921 | S28: 2.375 | T28: 2.725 | U28: 2.862 | V28: 2.815 | W28: 2.61 | X28: 2.273 | Y28: 1.958 | Z28: 1.71 | AA28: 1.524 | AB28: 1.419 | AC28: 1.39 | AD28: 1.505 | AE28: 1.614 | AF28: 1.687 | AG28: 1.621 | AH28: 1.505 | AI28: 1.254 | AJ28: 1.012 | AK28: 0.815
A29: =A28+1 -> 22 | B29: 44709.875 | C29: =D29*100 -> 110.8 | D29: 1.108 | F29: =D29-0.5 -> 0.608 | L29: 22 | M29: 43620 | N29: {=TRANSPOSE(D512:D535)} -> 0.688 | O29: 0.615 | P29: 0.778 | Q29: 1.11 | R29: 1.597 | S29: 2.085 | T29: 2.466 | U29: 2.685 | V29: 2.704 | W29: 2.648 | X29: 2.427 | Y29: 2.081 | Z29: 1.789 | AA29: 1.628 | AB29: 1.467 | AC29: 1.445 | AD29: 1.515 | AE29: 1.622 | AF29: 1.712 | AG29: 1.734 | AH29: 1.658 | AI29: 1.5 | AJ29: 1.291 | AK29: 1.058
A30: =A29+1 -> 23 | B30: 44709.917 | C30: =D30*100 -> 96.9 | D30: 0.969 | F30: =D30-0.5 -> 0.469 | L30: 23 | M30: 43621 | N30: {=TRANSPOSE(D536:D559)} -> 0.834 | O30: 0.712 | P30: 0.728 | Q30: 0.91 | R30: 1.268 | S30: 1.765 | T30: 2.197 | U30: 2.532 | V30: 2.642 | W30: 2.58 | X30: 2.443 | Y30: 2.171 | Z30: 1.897 | AA30: 1.656 | AB30: 1.479 | AC30: 1.405 | AD30: 1.467 | AE30: 1.608 | AF30: 1.747 | AG30: 1.824 | AH30: 1.821 | AI30: 1.683 | AJ30: 1.485 | AK30: 1.287
A31: =A30+1 -> 24 | B31: 44709.958 | C31: =D31*100 -> 99.1 | D31: 0.991 | F31: =D31-0.5 -> 0.491 | L31: 24 | M31: 43622 | N31: {=TRANSPOSE(D560:D583)} -> 1.118 | O31: 0.939 | P31: 0.892 | Q31: 0.973 | R31: 1.186 | S31: 1.524 | T31: 1.959 | U31: 2.321 | V31: 2.504 | W31: 2.501 | X31: 2.411 | Y31: 2.238 | Z31: 1.998 | AA31: 1.766 | AB31: 1.55 | AC31: 1.407 | AD31: 1.414 | AE31: 1.545 | AF31: 1.7 | AG31: 1.817 | AH31: 1.881 | AI31: 1.844 | AJ31: 1.719 | AK31: 1.537
A32: =A31+1 -> 25 | B32: 44710 | C32: =D32*100 -> 113.8 | D32: 1.138 | F32: =D32-0.5 -> 0.638 | L32: 25 | M32: 43623 | N32: {=TRANSPOSE(D584:D607)} -> 1.349 | O32: 1.219 | P32: 1.116 | Q32: 1.139 | R32: 1.22 | S32: 1.435 | T32: 1.768 | U32: 2.088 | V32: 2.303 | W32: 2.379 | X32: 2.338 | Y32: 2.221 | Z32: 2.042 | AA32: 1.849 | AB32: 1.614 | AC32: 1.425 | AD32: 1.379 | AE32: 1.431 | AF32: 1.524 | AG32: 1.676 | AH32: 1.78 | AI32: 1.831 | AJ32: 1.81 | AK32: 1.679
A33: =A32+1 -> 26 | B33: 44710.042 | C33: =D33*100 -> 143.9 | D33: 1.439 | F33: =D33-0.5 -> 0.939 | L33: 26 | M33: 43624 | N33: {=TRANSPOSE(D608:D631)} -> 1.569 | O33: 1.433 | P33: 1.338 | Q33: 1.34 | R33: 1.381 | S33: 1.467 | T33: 1.657 | U33: 1.912 | V33: 2.087 | W33: 2.185 | X33: 2.219 | Y33: 2.17 | Z33: 2.057 | AA33: 1.855 | AB33: 1.653 | AC33: 1.464 | AD33: 1.334 | AE33: 1.279 | AF33: 1.337 | AG33: 1.429 | AH33: 1.54 | AI33: 1.644 | AJ33: 1.761 | AK33: 1.796
A34: =A33+1 -> 27 | B34: 44710.083 | C34: =D34*100 -> 184.7 | D34: 1.847 | F34: =D34-0.5 -> 1.347 | L34: 27 | M34: 43625 | N34: {=TRANSPOSE(D632:D655)} -> 1.79 | O34: 1.724 | P34: 1.617 | Q34: 1.566 | R34: 1.532 | S34: 1.568 | T34: 1.665 | U34: 1.784 | V34: 1.938 | W34: 1.973 | X34: 1.97 | Y34: 1.944 | Z34: 1.824 | AA34: 1.735 | AB34: 1.637 | AC34: 1.481 | AD34: 1.332 | AE34: 1.247 | AF34: 1.196 | AG34: 1.214 | AH34: 1.318 | AI34: 1.466 | AJ34: 1.6 | AK34: 1.699
A35: =A34+1 -> 28 | B35: 44710.125 | C35: =D35*100 -> 222.3 | D35: 2.223 | F35: =D35-0.5 -> 1.723 | L35: 28 | M35: 43626 | N35: {=TRANSPOSE(D656:D679)} -> 1.77 | O35: 1.805 | P35: 1.829 | Q35: 1.826 | R35: 1.788 | S35: 1.737 | T35: 1.697 | U35: 1.728 | V35: 1.756 | W35: 1.8 | X35: 1.831 | Y35: 1.809 | Z35: 1.76 | AA35: 1.709 | AB35: 1.617 | AC35: 1.524 | AD35: 1.419 | AE35: 1.314 | AF35: 1.221 | AG35: 1.171 | AH35: 1.149 | AI35: 1.244 | AJ35: 1.385 | AK35: 1.567
A36: =A35+1 -> 29 | B36: 44710.167 | C36: =D36*100 -> 249.1 | D36: 2.491 | F36: =D36-0.5 -> 1.991 | L36: 29 | M36: 43627 | N36: {=TRANSPOSE(D680:D703)} -> 1.719 | O36: 1.887 | P36: 2.007 | Q36: 2.053 | R36: 2.038 | S36: 1.972 | T36: 1.92 | U36: 1.847 | V36: 1.757 | W36: 1.684 | X36: 1.635 | Y36: 1.654 | Z36: 1.668 | AA36: 1.672 | AB36: 1.668 | AC36: 1.588 | AD36: 1.495 | AE36: 1.399 | AF36: 1.262 | AG36: 1.144 | AH36: 1.114 | AI36: 1.13 | AJ36: 1.204 | AK36: 1.35
A37: =A36+1 -> 30 | B37: 44710.208 | C37: =D37*100 -> 258.1 | D37: 2.581 | F37: =D37-0.5 -> 2.081 | L37: 30 | M37: 43628 | N37: {=TRANSPOSE(D704:D727)} -> 1.564 | O37: 1.812 | P37: 2.038 | Q37: 2.191 | R37: 2.251 | S37: 2.233 | T37: 2.145 | U37: 2.001 | V37: 1.812 | W37: 1.653 | X37: 1.553 | Y37: 1.503 | Z37: 1.511 | AA37: 1.57 | AB37: 1.5615 | AC37: 1.553 | AD37: 1.483 | AE37: 1.42 | AF37: 1.311 | AG37: 1.22 | AH37: 1.108 | AI37: 1.045 | AJ37: 1.009 | AK37: 1.109
A38: =A37+1 -> 31 | B38: 44710.25 | C38: =D38*100 -> 251.9 | D38: 2.519 | F38: =D38-0.5 -> 2.019
A39: =A38+1 -> 32 | B39: 44710.292 | C39: =D39*100 -> 232.6 | D39: 2.326 | F39: =D39-0.5 -> 1.826
A40: =A39+1 -> 33 | B40: 44710.333 | C40: =D40*100 -> 202.4 | D40: 2.024 | F40: =D40-0.5 -> 1.524
A41: =A40+1 -> 34 | B41: 44710.375 | C41: =D41*100 -> 171.9 | D41: 1.719 | F41: =D41-0.5 -> 1.219
A42: =A41+1 -> 35 | B42: 44710.417 | C42: =D42*100 -> 144.1 | D42: 1.441 | F42: =D42-0.5 -> 0.941
A43: =A42+1 -> 36 | B43: 44710.458 | C43: =D43*100 -> 125.3 | D43: 1.253 | F43: =D43-0.5 -> 0.753
A44: =A43+1 -> 37 | B44: 44710.5 | C44: =D44*100 -> 123.2 | D44: 1.232 | F44: =D44-0.5 -> 0.732
A45: =A44+1 -> 38 | B45: 44710.542 | C45: =D45*100 -> 133.2 | D45: 1.332 | F45: =D45-0.5 -> 0.832
A46: =A45+1 -> 39 | B46: 44710.583 | C46: =D46*100 -> 150 | D46: 1.5 | F46: =D46-0.5 -> 1
A47: =A46+1 -> 40 | B47: 44710.625 | C47: =D47*100 -> 169.3 | D47: 1.693 | F47: =D47-0.5 -> 1.193
A48: =A47+1 -> 41 | B48: 44710.667 | C48: =D48*100 -> 183.3 | D48: 1.833 | F48: =D48-0.5 -> 1.333
A49: =A48+1 -> 42 | B49: 44710.708 | C49: =D49*100 -> 184 | D49: 1.84 | F49: =D49-0.5 -> 1.34
... A727: =A726+1 -> 720 | B727: 44738.958 | C727: =D727*100 -> 110.9 | D727: 1.109 | F727: =D727-0.5 -> 0.609
B728: 44739 | C728: =D728*100 -> 130.6 | D728: 1.306 | F728: =D728-0.5 -> 0.806
B729: 44739.042 | C729: =D729*100 -> 159.7 | D729: 1.597 | F729: =D729-0.5 -> 1.097
B730: 44739.083 | C730: =D730*100 -> 190.5 | D730: 1.905 | F730: =D730-0.5 -> 1.405
B731: 44739.125 | C731: =D731*100 -> 221.7 | D731: 2.217 | F731: =D731-0.5 -> 1.717
B732: 44739.167 | C732: =D732*100 -> 240.5 | D732: 2.405 | F732: =D732-0.5 -> 1.905
B733: 44739.208 | C733: =D733*100 -> 242.1 | D733: 2.421 | F733: =D733-0.5 -> 1.921
B734: 44739.25 | C734: =D734*100 -> 237 | D734: 2.37 | F734: =D734-0.5 -> 1.87
B735: 44739.292 | C735: =D735*100 -> 222.5 | D735: 2.225 | F735: =D735-0.5 -> 1.725
B736: 44739.333 | C736: =D736*100 -> 198.3 | D736: 1.983 | F736: =D736-0.5 -> 1.483
B737: 44739.375 | C737: =D737*100 -> 170 | D737: 1.7 | F737: =D737-0.5 -> 1.2
F738: =D738-0.5 -> -0.5
F739: =D739-0.5 -> -0.5
F740: =D740-0.5 -> -0.5
F741: =D741-0.5 -> -0.5
F742: =D742-0.5 -> -0.5
F743: =D743-0.5 -> -0.5
F744: =D744-0.5 -> -0.5
F745: =D745-0.5 -> -0.5
F746: =D746-0.5 -> -0.5
F747: =D747-0.5 -> -0.5
F748: =D748-0.5 -> -0.5
F749: =D749-0.5 -> -0.5
... F775: =D775-0.5 -> -0.5

Sheet data asli
U5: Tabel 1
A6: PENGUKURAN PASANG SURUT (per 1 Jam) | U6: =A6 -> PENGUKURAN PASANG SURUT (per 1 Jam)
A7: PROYEK | B7: : Pantai Sanur, Bali | M7: Equipment : AWLR Tide Master | U7: =A7 -> PROYEK | V7: =B7 -> : Pantai Sanur, Bali
A8: LOKASI | B8: : Kabupaten Denpasar Selatan | U8: =A8 -> LOKASI | V8: =B8 -> : Kabupaten Denpasar Selatan
B10: TANGGAL / Januari -Februari | V10: =B10 -> TANGGAL / Januari -Februari
A11: JAM | B11: 28 | C11: 29 | D11: 30 | E11: 31 | F11: 1 | G11: 2 | H11: 3 | I11: 4 | J11: 5 | K11: 6 | L11: 7 | M11: 8 | N11: 9 | O11: 10 | P11: 11 | Q11: 32 | R11: 33 | S11: 34 | V11: =B11 -> 28 | W11: =C11 -> 29 | X11: =D11 -> 30 | Y11: =E11 -> 31 | Z11: =F11 -> 1 | AA11: =G11 -> 2 | AB11: =H11 -> 3 | AC11: =I11 -> 4 | ... AJ11: =P11 -> 11
A12: 00:00 | B12: ='data asli x100'!C8/100 -> 1.36 | C12: ='data asli x100'!C32/100 -> 1.138 | D12: ='data asli x100'!C56/100 -> 0.906 | E12: ='data asli x100'!C80/100 -> 0.743 | F12: ='data asli x100'!C104/100 -> 0.687 | G12: ='data asli x100'!C128/100 -> 0.658 | H12: ='data asli x100'!C152/100 -> 0.74 | I12: ='data asli x100'!C176/100 -> 0.797 | J12: ='data asli x100'!C200/100 -> 0.905 | K12: ='data asli x100'!C224/100 -> 1.047 | L12: ='data asli x100'!C248/100 -> 1.197 | M12: ='data asli x100'!C272/100 -> 1.373 | N12: ='data asli x100'!C296/100 -> 1.496 | O12: ='data asli x100'!C320/100 -> 1.62 | P12: ='data asli x100'!C344/100 -> 1.696 | Q12: =SUM(B12:P12) -> 16.363 | R12: =A12 -> 00:00 | S12: 1 | U12: =A12 -> 00:00
A13: 01:00 | B13: ='data asli x100'!C9/100 -> 1.655 | C13: ='data asli x100'!C33/100 -> 1.439 | D13: ='data asli x100'!C57/100 -> 1.231 | E13: ='data asli x100'!C81/100 -> 1.009 | F13: ='data asli x100'!C105/100 -> 0.864 | G13: ='data asli x100'!C129/100 -> 0.75 | H13: ='data asli x100'!C153/100 -> 0.754 | I13: ='data asli x100'!C177/100 -> 0.734 | J13: ='data asli x100'!C201/100 -> 0.786 | K13: ='data asli x100'!C225/100 -> 0.906 | L13: ='data asli x100'!C249/100 -> 1.058 | M13: ='data asli x100'!C273/100 -> 1.271 | N13: ='data asli x100'!C297/100 -> 1.437 | O13: ='data asli x100'!C321/100 -> 1.676 | P13: ='data asli x100'!C345/100 -> 1.816 | Q13: =SUM(B13:P13) -> 17.386 | R13: =A13 -> 01:00 | S13: 5 | U13: =A13 -> 01:00
A14: 02:00 | B14: ='data asli x100'!C10/100 -> 1.983 | C14: ='data asli x100'!C34/100 -> 1.847 | D14: ='data asli x100'!C58/100 -> 1.627 | E14: ='data asli x100'!C82/100 -> 1.395 | F14: ='data asli x100'!C106/100 -> 1.246 | G14: ='data asli x100'!C130/100 -> 1.061 | H14: ='data asli x100'!C154/100 -> 0.947 | I14: ='data asli x100'!C178/100 -> 0.857 | J14: ='data asli x100'!C202/100 -> 0.845 | K14: ='data asli x100'!C226/100 -> 0.871 | L14: ='data asli x100'!C250/100 -> 1.028 | M14: ='data asli x100'!C274/100 -> 1.234 | N14: ='data asli x100'!C298/100 -> 1.431 | O14: ='data asli x100'!C322/100 -> 1.669 | P14: ='data asli x100'!C346/100 -> 1.903 | Q14: =SUM(B14:P14) -> 19.944 | R14: =A14 -> 02:00 | S14: 9 | U14: =A14 -> 02:00
A15: 03:00 | B15: ='data asli x100'!C11/100 -> 2.247 | C15: ='data asli x100'!C35/100 -> 2.223 | D15: ='data asli x100'!C59/100 -> 2.055 | E15: ='data asli x100'!C83/100 -> 1.884 | F15: ='data asli x100'!C107/100 -> 1.701 | G15: ='data asli x100'!C131/100 -> 1.493 | H15: ='data asli x100'!C155/100 -> 1.305 | I15: ='data asli x100'!C179/100 -> 1.16 | J15: ='data asli x100'!C203/100 -> 1.07 | K15: ='data asli x100'!C227/100 -> 1.024 | L15: ='data asli x100'!C251/100 -> 1.1 | M15: ='data asli x100'!C275/100 -> 1.273 | N15: ='data asli x100'!C299/100 -> 1.466 | O15: ='data asli x100'!C323/100 -> 1.699 | P15: ='data asli x100'!C347/100 -> 1.968 | Q15: =SUM(B15:P15) -> 23.668 | R15: =A15 -> 03:00 | S15: 13 | U15: =A15 -> 03:00
A16: 04:00 | B16: ='data asli x100'!C12/100 -> 2.39 | C16: ='data asli x100'!C36/100 -> 2.491 | D16: ='data asli x100'!C60/100 -> 2.456 | E16: ='data asli x100'!C84/100 -> 2.352 | F16: ='data asli x100'!C108/100 -> 2.193 | G16: ='data asli x100'!C132/100 -> 1.999 | H16: ='data asli x100'!C156/100 -> 1.754 | I16: ='data asli x100'!C180/100 -> 1.54 | J16: ='data asli x100'!C204/100 -> 1.413 | K16: ='data asli x100'!C228/100 -> 1.314 | L16: ='data asli x100'!C252/100 -> 1.307 | M16: ='data asli x100'!C276/100 -> 1.352 | N16: ='data asli x100'!C300/100 -> 1.539 | O16: ='data asli x100'!C324/100 -> 1.714 | P16: ='data asli x100'!C348/100 -> 2.012 | Q16: =SUM(B16:P16) -> 27.826 | R16: =A16 -> 04:00 | S16: 17 | U16: =A16 -> 04:00
A17: 05:00 | B17: ='data asli x100'!C13/100 -> 2.43 | C17: ='data asli x100'!C37/100 -> 2.581 | D17: ='data asli x100'!C61/100 -> 2.714 | E17: ='data asli x100'!C85/100 -> 2.696 | F17: ='data asli x100'!C109/100 -> 2.595 | G17: ='data asli x100'!C133/100 -> 2.435 | H17: ='data asli x100'!C157/100 -> 2.185 | I17: ='data asli x100'!C181/100 -> 1.989 | J17: ='data asli x100'!C205/100 -> 1.792 | K17: ='data asli x100'!C229/100 -> 1.668 | L17: ='data asli x100'!C253/100 -> 1.593 | M17: ='data asli x100'!C277/100 -> 1.526 | N17: ='data asli x100'!C301/100 -> 1.636 | O17: ='data asli x100'!C325/100 -> 1.714 | P17: ='data asli x100'!C349/100 -> 2 | Q17: =SUM(B17:P17) -> 31.554 | R17: =A17 -> 05:00 | S17: 21 | U17: =A17 -> 05:00
A18: 06:00 | B18: ='data asli x100'!C14/100 -> 2.317 | C18: ='data asli x100'!C38/100 -> 2.519 | D18: ='data asli x100'!C62/100 -> 2.728 | E18: ='data asli x100'!C86/100 -> 2.815 | F18: ='data asli x100'!C110/100 -> 2.818 | G18: ='data asli x100'!C134/100 -> 2.745 | H18: ='data asli x100'!C158/100 -> 2.547 | I18: ='data asli x100'!C182/100 -> 2.356 | J18: ='data asli x100'!C206/100 -> 2.179 | K18: ='data asli x100'!C230/100 -> 1.993 | L18: ='data asli x100'!C254/100 -> 1.886 | M18: ='data asli x100'!C278/100 -> 1.739 | N18: ='data asli x100'!C302/100 -> 1.707 | O18: ='data asli x100'!C326/100 -> 1.712 | P18: ='data asli x100'!C350/100 -> 1.913 | Q18: =SUM(B18:P18) -> 33.974 | R18: =A18 -> 06:00 | S18: 25 | U18: =A18 -> 06:00
A19: 07:00 | B19: ='data asli x100'!C15/100 -> 2.121 | C19: ='data asli x100'!C39/100 -> 2.326 | D19: ='data asli x100'!C63/100 -> 2.552 | E19: ='data asli x100'!C87/100 -> 2.738 | F19: ='data asli x100'!C111/100 -> 2.84 | G19: ='data asli x100'!C135/100 -> 2.846 | H19: ='data asli x100'!C159/100 -> 2.758 | I19: ='data asli x100'!C183/100 -> 2.595 | J19: ='data asli x100'!C207/100 -> 2.442 | K19: ='data asli x100'!C231/100 -> 2.25 | L19: ='data asli x100'!C255/100 -> 2.096 | M19: ='data asli x100'!C279/100 -> 1.905 | N19: ='data asli x100'!C303/100 -> 1.797 | O19: ='data asli x100'!C327/100 -> 1.73 | P19: ='data asli x100'!C351/100 -> 1.82 | Q19: =SUM(B19:P19) -> 34.816 | R19: =A19 -> 07:00 | S19: 29 | U19: =A19 -> 07:00
A20: 08:00 | B20: ='data asli x100'!C16/100 -> 1.884 | C20: ='data asli x100'!C40/100 -> 2.024 | D20: ='data asli x100'!C64/100 -> 2.228 | E20: ='data asli x100'!C88/100 -> 2.46 | F20: ='data asli x100'!C112/100 -> 2.657 | G20: ='data asli x100'!C136/100 -> 2.758 | H20: ='data asli x100'!C160/100 -> 2.773 | I20: ='data asli x100'!C184/100 -> 2.689 | J20: ='data asli x100'!C208/100 -> 2.563 | K20: ='data asli x100'!C232/100 -> 2.402 | L20: ='data asli x100'!C256/100 -> 2.241 | M20: ='data asli x100'!C280/100 -> 2.039 | N20: ='data asli x100'!C304/100 -> 1.843 | O20: ='data asli x100'!C328/100 -> 1.752 | P20: ='data asli x100'!C352/100 -> 1.722 | Q20: =SUM(B20:P20) -> 34.035 | R20: =A20 -> 08:00 | S20: 33 | U20: =A20 -> 08:00
A21: 09:00 | B21: ='data asli x100'!C17/100 -> 1.637 | C21: ='data asli x100'!C41/100 -> 1.719 | D21: ='data asli x100'!C65/100 -> 1.828 | E21: ='data asli x100'!C89/100 -> 2.028 | F21: ='data asli x100'!C113/100 -> 2.288 | G21: ='data asli x100'!C137/100 -> 2.506 | H21: ='data asli x100'!C161/100 -> 2.598 | I21: ='data asli x100'!C185/100 -> 2.586 | J21: ='data asli x100'!C209/100 -> 2.552 | K21: ='data asli x100'!C233/100 -> 2.422 | L21: ='data asli x100'!C257/100 -> 2.303 | M21: ='data asli x100'!C281/100 -> 2.087 | N21: ='data asli x100'!C305/100 -> 1.874 | O21: ='data asli x100'!C329/100 -> 1.723 | P21: ='data asli x100'!C353/100 -> 1.648 | Q21: =SUM(B21:P21) -> 31.799 | R21: =A21 -> 09:00 | S21: 37 | U21: =A21 -> 09:00
A22: 10:00 | B22: ='data asli x100'!C18/100 -> 1.454 | C22: ='data asli x100'!C42/100 -> 1.441 | D22: ='data asli x100'!C66/100 -> 1.485 | E22: ='data asli x100'!C90/100 -> 1.653 | F22: ='data asli x100'!C114/100 -> 1.882 | G22: ='data asli x100'!C138/100 -> 2.123 | H22: ='data asli x100'!C162/100 -> 2.278 | I22: ='data asli x100'!C186/100 -> 2.339 | J22: ='data asli x100'!C210/100 -> 2.406 | K22: ='data asli x100'!C234/100 -> 2.357 | L22: ='data asli x100'!C258/100 -> 2.247 | M22: ='data asli x100'!C282/100 -> 2.077 | N22: ='data asli x100'!C306/100 -> 1.899 | O22: ='data asli x100'!C330/100 -> 1.715 | P22: ='data asli x100'!C354/100 -> 1.6 | Q22: =SUM(B22:P22) -> 28.956 | R22: =A22 -> 10:00 | S22: 41 | U22: =A22 -> 10:00
A23: 11:00 | B23: ='data asli x100'!C19/100 -> 1.354 | C23: ='data asli x100'!C43/100 -> 1.253 | D23: ='data asli x100'!C67/100 -> 1.22 | E23: ='data asli x100'!C91/100 -> 1.345 | F23: ='data asli x100'!C115/100 -> 1.515 | G23: ='data asli x100'!C139/100 -> 1.749 | H23: ='data asli x100'!C163/100 -> 1.887 | I23: ='data asli x100'!C187/100 -> 1.991 | J23: ='data asli x100'!C211/100 -> 2.115 | K23: ='data asli x100'!C235/100 -> 2.183 | L23: ='data asli x100'!C259/100 -> 2.124 | M23: ='data asli x100'!C283/100 -> 2.036 | N23: ='data asli x100'!C307/100 -> 1.924 | O23: ='data asli x100'!C331/100 -> 1.739 | P23: ='data asli x100'!C355/100 -> 1.581 | Q23: =SUM(B23:P23) -> 26.016 | R23: =A23 -> 11:00 | S23: 45 | U23: =A23 -> 11:00
... A35: 23:00 | B35: ='data asli x100'!C31/100 -> 0.991 | C35: ='data asli x100'!C55/100 -> 0.754 | D35: ='data asli x100'!C79/100 -> 0.702 | E35: ='data asli x100'!C103/100 -> 0.738 | F35: ='data asli x100'!C127/100 -> 0.762 | G35: ='data asli x100'!C151/100 -> 0.904 | H35: ='data asli x100'!C175/100 -> 1.023 | I35: ='data asli x100'!C199/100 -> 1.124 | J35: ='data asli x100'!C223/100 -> 1.254 | K35: ='data asli x100'!C247/100 -> 1.375 | L35: ='data asli x100'!C271/100 -> 1.495 | M35: ='data asli x100'!C295/100 -> 1.61 | N35: ='data asli x100'!C319/100 -> 1.569 | O35: ='data asli x100'!C343/100 -> 1.561 | P35: ='data asli x100'!C367/100 -> 1.388 | Q35: =SUM(B35:P35) -> 17.25 | R35: =A35 -> 23:00 | S35: 93 | U35: =A35 -> 23:00
A36: jumlah : | B36: =SUM(B12:B35) -> 40.957 | C36: =SUM(C12:C35) -> 39.722 | D36: =SUM(D12:D35) -> 39.619 | E36: =SUM(E12:E35) -> 39.402 | F36: =SUM(F12:F35) -> 39.861 | G36: =SUM(G12:G35) -> 40.467 | H36: =SUM(H12:H35) -> 40.263 | I36: =SUM(I12:I35) -> 39.8155 | ... P36: =SUM(P12:P35) -> 39.737
B37: =B36/96 -> 0.42663542 | C37: =C36/96 -> 0.41377083 | D37: =D36/96 -> 0.41269792 | E37: =E36/96 -> 0.4104375 | F37: =F36/96 -> 0.41521875 | G37: =G36/96 -> 0.42153125 | H37: =H36/96 -> 0.41940625 | I37: =I36/96 -> 0.41474479 | ... P37: =P36/96 -> 0.41392708 | Q37: =IF(S37=#REF!,"Good...","Not Good Man!!!!!") -> #REF! | S37: =SUM(B36:P36) -> 599.3395 | V37: =MAX($B$12:$P$35) -> 2.846 | W37: =V37-$V$38 -> 1.1811681 | X37: =W37-W39 -> 2.188
Q38: =S37/30 -> 19.977983 | V38: =AVERAGE($B$12:$P$35) -> 1.6648319 | W38: =V38-$V$38 -> 0
V39: =MIN($B$12:$P$35) -> 0.658 | W39: =V39-$V$38 -> -1.0068319

Sheet skemA1
A1: Skema 1 : Susunan hasil pengamatan data pasut
A3: No. | B3: Tgl | C3: Bacaan Skala pada jam satuan cm | AA3: Jumlah | AB3: Rata2
C4: 00 | D4: 01 | E4: 02 | F4: 03 | G4: 04 | H4: 05 | I4: 06 | J4: 07 | K4: 08 | L4: 09 | M4: 10 | N4: 11 | O4: 12 | P4: 13 | Q4: 14 | R4: 15 | S4: 16 | T4: 17 | U4: 18 | V4: 19 | W4: 20 | X4: 21 | Y4: 22 | Z4: 23
A5: 1 | B5: 44709 | C5: {=TRANSPOSE('data asli x100'!C8:C31)} -> 136 | D5: 165.5 | E5: 198.3 | F5: 224.7 | G5: 239 | H5: 243 | I5: 231.7 | J5: 212.1 | K5: 188.4 | L5: 163.7 | M5: 145.4 | N5: 135.4 | O5: 142 | P5: 156.1 | Q5: 173.1 | R5: 188.9 | S5: 194.9 | T5: 190 | U5: 173.3 | V5: 155 | W5: 132.4 | X5: 110.8 | Y5: 96.9 | Z5: 99.1 | AA5: =SUM(C5:Z5) -> 4095.7 | AB5: =AVERAGE(C5:Z5) -> 170.65417 | AD5: 8 | AE5: 31
A6: 2 | B6: =B5+1 -> 44710 | C6: {=TRANSPOSE('data asli x100'!C32:C55)} -> 113.8 | D6: 143.9 | E6: 184.7 | F6: 222.3 | G6: 249.1 | H6: 258.1 | I6: 251.9 | J6: 232.6 | K6: 202.4 | L6: 171.9 | M6: 144.1 | N6: 125.3 | O6: 123.2 | P6: 133.2 | Q6: 150 | R6: 169.3 | S6: 183.3 | T6: 184 | U6: 174.2 | V6: 158.3 | W6: 133.2 | X6: 106.7 | Y6: 81.3 | Z6: 75.4 | AA6: =SUM(C6:Z6) -> 3972.2 | AB6: =AVERAGE(C6:Z6) -> 165.50833 | AD6: =AE5+1 -> 32 | AE6: =AD6+(AE5-AD5) -> 55
A7: 3 | B7: =B6+1 -> 44711 | C7: {=TRANSPOSE('data asli x100'!C56:C79)} -> 90.6 | D7: 123.1 | E7: 162.7 | F7: 205.5 | G7: 245.6 | H7: 271.4 | I7: 272.8 | J7: 255.2 | K7: 222.8 | L7: 182.8 | M7: 148.5 | N7: 122 | O7: 113.6 | P7: 123.4 | Q7: 143.4 | R7: 164.1 | S7: 177.8 | T7: 182.1 | U7: 178.7 | V7: 162.6 | W7: 139.9 | X7: 114.6 | Y7: 88.5 | Z7: 70.2 | AA7: =SUM(C7:Z7) -> 3961.9 | AB7: =AVERAGE(C7:Z7) -> 165.07917 | AD7: =AE6+1 -> 56 | AE7: =AD7+(AE6-AD6) -> 79
A8: 4 | B8: =B7+1 -> 44712 | C8: {=TRANSPOSE('data asli x100'!C80:C103)} -> 74.3 | D8: 100.9 | E8: 139.5 | F8: 188.4 | G8: 235.2 | H8: 269.6 | I8: 281.5 | J8: 273.8 | K8: 246 | L8: 202.8 | M8: 165.3 | N8: 134.5 | O8: 118 | P8: 115.2 | Q8: 126.1 | R8: 147 | S8: 166.8 | T8: 177.1 | U8: 176.5 | V8: 165.3 | W8: 144.4 | X8: 122.6 | Y8: 95.6 | Z8: 73.8 | AA8: =SUM(C8:Z8) -> 3940.2 | AB8: =AVERAGE(C8:Z8) -> 164.175 | AD8: =AE7+1 -> 80 | AE8: =AD8+(AE7-AD7) -> 103
A9: 5 | B9: =B8+1 -> 44713 | C9: {=TRANSPOSE('data asli x100'!C104:C127)} -> 68.7 | D9: 86.4 | E9: 124.6 | F9: 170.1 | G9: 219.3 | H9: 259.5 | I9: 281.8 | J9: 284 | K9: 265.7 | L9: 228.8 | M9: 188.2 | N9: 151.5 | O9: 127 | P9: 116.9 | Q9: 122.5 | R9: 137.5 | S9: 159.4 | T9: 178.4 | U9: 183.9 | V9: 174.5 | W9: 155.4 | X9: 129.5 | Y9: 96.3 | Z9: 76.2 | AA9: =SUM(C9:Z9) -> 3986.1 | AB9: =AVERAGE(C9:Z9) -> 166.0875 | AD9: =AE8+1 -> 104 | AE9: =AD9+(AE8-AD8) -> 127
A10: 6 | B10: =B9+1 -> 44714 | C10: {=TRANSPOSE('data asli x100'!C128:C151)} -> 65.8 | D10: 75 | E10: 106.1 | F10: 149.3 | G10: 199.9 | H10: 243.5 | I10: 274.5 | J10: 284.6 | K10: 275.8 | L10: 250.6 | M10: 212.3 | N10: 174.9 | O10: 142.9 | P10: 126.1 | Q10: 123.1 | R10: 137.2 | S10: 158.8 | T10: 176.9 | U10: 181.3 | V10: 177.7 | W10: 164.1 | X10: 140.8 | Y10: 115.1 | Z10: 90.4 | AA10: =SUM(C10:Z10) -> 4046.7 | AB10: =AVERAGE(C10:Z10) -> 168.6125 | AD10: =AE9+1 -> 128 | AE10: =AD10+(AE9-AD9) -> 151
A11: 7 | B11: =B10+1 -> 44715 | C11: {=TRANSPOSE('data asli x100'!C152:C175)} -> 74 | D11: 75.4 | E11: 94.7 | F11: 130.5 | G11: 175.4 | H11: 218.5 | I11: 254.7 | J11: 275.8 | K11: 277.3 | L11: 259.8 | M11: 227.8 | N11: 188.7 | O11: 156.2 | P11: 134.9 | Q11: 128 | R11: 135 | S11: 152.7 | T11: 168 | U11: 177.9 | V11: 176.6 | W11: 168.3 | X11: 147.5 | Y11: 126.3 | Z11: 102.3 | AA11: =SUM(C11:Z11) -> 4026.3 | AB11: =AVERAGE(C11:Z11) -> 167.7625 | AD11: =AE10+1 -> 152 | AE11: =AD11+(AE10-AD10) -> 175
A12: 8 | B12: =B11+1 -> 44716 | C12: {=TRANSPOSE('data asli x100'!C176:C199)} -> 79.7 | D12: 73.4 | E12: 85.7 | F12: 116 | G12: 154 | H12: 198.9 | I12: 235.6 | J12: 259.5 | K12: 268.9 | L12: 258.6 | M12: 233.9 | N12: 199.1 | O12: 169.8 | P12: 143.55 | Q12: 131.9 | R12: 130.4 | S12: 142.1 | T12: 159.4 | U12: 174.8 | V12: 182 | W12: 177.1 | X12: 158.8 | Y12: 136 | Z12: 112.4 | AA12: =SUM(C12:Z12) -> 3981.55 | AB12: =AVERAGE(C12:Z12) -> 165.89792 | AD12: =AE11+1 -> 176 | AE12: =AD12+(AE11-AD11) -> 199
A13: 9 | B13: =B12+1 -> 44717 | C13: {=TRANSPOSE('data asli x100'!C200:C223)} -> 90.5 | D13: 78.6 | E13: 84.5 | F13: 107 | G13: 141.3 | H13: 179.2 | I13: 217.9 | J13: 244.2 | K13: 256.3 | L13: 255.2 | M13: 240.6 | N13: 211.5 | O13: 180.5 | P13: 156.4 | Q13: 143.9 | R13: 140.8 | S13: 147.9 | T13: 159.3 | U13: 172.1 | V13: 180.8 | W13: 180.5 | X13: 166.7 | Y13: 146 | Z13: 125.4 | AA13: =SUM(C13:Z13) -> 4007.1 | AB13: =AVERAGE(C13:Z13) -> 166.9625 | AD13: =AE12+1 -> 200 | AE13: =AD13+(AE12-AD12) -> 223
A14: 10 | B14: =B13+1 -> 44718 | C14: {=TRANSPOSE('data asli x100'!C224:C247)} -> 104.7 | D14: 90.6 | E14: 87.1 | F14: 102.4 | G14: 131.4 | H14: 166.8 | I14: 199.3 | J14: 225 | K14: 240.2 | L14: 242.2 | M14: 235.7 | N14: 218.3 | O14: 192.3 | P14: 170.5 | Q14: 155.6 | R14: 147.3 | S14: 147.9 | T14: 157.3 | U14: 167.3 | V14: 178.9 | W14: 183.2 | X14: 175.5 | Y14: 155.6 | Z14: 137.5 | AA14: =SUM(C14:Z14) -> 4012.6 | AB14: =AVERAGE(C14:Z14) -> 167.19167 | AD14: =AE13+1 -> 224 | AE14: =AD14+(AE13-AD13) -> 247
A15: 11 | B15: =B14+1 -> 44719 | C15: {=TRANSPOSE('data asli x100'!C248:C271)} -> 119.7 | D15: 105.8 | E15: 102.8 | F15: 110 | G15: 130.7 | H15: 159.3 | I15: 188.6 | J15: 209.6 | K15: 224.1 | L15: 230.3 | M15: 224.7 | N15: 212.4 | O15: 198.6 | P15: 180.8 | Q15: 162.9 | R15: 153.5 | S15: 150.2 | T15: 151.1 | U15: 159.5 | V15: 172.4 | W15: 179.6 | X15: 176.6 | Y15: 164 | Z15: 149.5 | AA15: =SUM(C15:Z15) -> 4016.7 | AB15: =AVERAGE(C15:Z15) -> 167.3625 | AD15: =AE14+1 -> 248 | AE15: =AD15+(AE14-AD14) -> 271
A16: 12 | B16: =B15+1 -> 44720 | C16: {=TRANSPOSE('data asli x100'!C272:C295)} -> 137.3 | D16: 127.1 | E16: 123.4 | F16: 127.3 | G16: 135.2 | H16: 152.6 | I16: 173.9 | J16: 190.5 | K16: 203.9 | L16: 208.7 | M16: 207.7 | N16: 203.6 | O16: 197.6 | P16: 187.3 | Q16: 176.5 | R16: 163.2 | S16: 157.8 | T16: 153.8 | U16: 154.4 | V16: 162.1 | W16: 170.4 | X16: 172.1 | Y16: 169.3 | Z16: 161 | AA16: =SUM(C16:Z16) -> 4016.7 | AB16: =AVERAGE(C16:Z16) -> 167.3625 | AD16: =AE15+1 -> 272 | AE16: =AD16+(AE15-AD15) -> 295
A17: 13 | B17: =B16+1 -> 44721 | C17: {=TRANSPOSE('data asli x100'!C296:C319)} -> 149.6 | D17: 143.7 | E17: 143.1 | F17: 146.6 | G17: 153.9 | H17: 163.6 | I17: 170.7 | J17: 179.7 | K17: 184.3 | L17: 187.4 | M17: 189.9 | N17: 192.4 | O17: 189.4 | P17: 183.5 | Q17: 178.9 | R17: 167.4 | S17: 157.6 | T17: 150.9 | U17: 146.8 | V17: 148.4 | W17: 152.7 | X17: 154.4 | Y17: 158.4 | Z17: 156.9 | AA17: =SUM(C17:Z17) -> 3950.2 | AB17: =AVERAGE(C17:Z17) -> 164.59167 | AD17: =AE16+1 -> 296 | AE17: =AD17+(AE16-AD16) -> 319
A18: 14 | B18: =B17+1 -> 44722 | C18: {=TRANSPOSE('data asli x100'!C320:C343)} -> 162 | D18: 167.6 | E18: 166.9 | F18: 169.9 | G18: 171.4 | H18: 171.4 | I18: 171.2 | J18: 173 | K18: 175.2 | L18: 172.3 | M18: 171.5 | N18: 173.9 | O18: 178.5 | P18: 182.2 | Q18: 182.3 | R18: 176.6 | S18: 168.4 | T18: 154.8 | U18: 142.2 | V18: 136.5 | W18: 137.3 | X18: 139.3 | Y18: 145.8 | Z18: 156.1 | AA18: =SUM(C18:Z18) -> 3946.3 | AB18: =AVERAGE(C18:Z18) -> 164.42917 | AD18: =AE17+1 -> 320 | AE18: =AD18+(AE17-AD17) -> 343
A19: 15 | B19: =B18+1 -> 44723 | C19: {=TRANSPOSE('data asli x100'!C344:C367)} -> 169.6 | D19: 181.6 | E19: 190.3 | F19: 196.8 | G19: 201.2 | H19: 200 | I19: 191.3 | J19: 182 | K19: 172.2 | L19: 164.8 | M19: 160 | N19: 158.1 | O19: 160.8 | P19: 166.4 | Q19: 174.3 | R19: 178 | S19: 171.8 | T19: 161.7 | U19: 149.3 | V19: 136.8 | W19: 124.3 | X19: 119.8 | Y19: 123.8 | Z19: 138.8 | AA19: =SUM(C19:Z19) -> 3973.7 | AB19: =AVERAGE(C19:Z19) -> 165.57083 | AD19: =AE18+1 -> 344 | AE19: =AD19+(AE18-AD18) -> 367
A20: 16 | B20: =B19+1 -> 44724 | C20: {=TRANSPOSE('data asli x100'!C368:C391)} -> 159.2 | D20: 181.9 | E20: 204.8 | F20: 223.8 | G20: 234.8 | H20: 230.9 | I20: 220 | J20: 200.9 | K20: 179.7 | L20: 161 | M20: 148 | N20: 140 | O20: 145.4 | P20: 151.6 | Q20: 160.7 | R20: 169 | S20: 169 | T20: 161.9 | U20: 147.2 | V20: 130.1 | W20: 112.6 | X20: 102.5 | Y20: 102.8 | Z20: 115.3 | AA20: =SUM(C20:Z20) -> 3953.1 | AB20: =AVERAGE(C20:Z20) -> 164.7125
A21: 17 | B21: =B20+1 -> 44725 | C21: {=TRANSPOSE('data asli x100'!C392:C415)} -> 140.9 | D21: 171.4 | E21: 202.6 | F21: 231.5 | G21: 252.1 | H21: 259.7 | I21: 254.5 | J21: 233.8 | K21: 206.1 | L21: 175.6 | M21: 152.6 | N21: 137.5 | O21: 133.7 | P21: 140.9 | Q21: 151.9 | R21: 161.3 | S21: 165 | T21: 159.6 | U21: 147.2 | V21: 130.8 | W21: 112.6 | X21: 94.4 | Y21: 88.4 | Z21: 93.6 | AA21: =SUM(C21:Z21) -> 3997.7 | AB21: =AVERAGE(C21:Z21) -> 166.57083
A22: 18 | B22: =B21+1 -> 44726 | C22: {=TRANSPOSE('data asli x100'!C416:C439)} -> 115.9 | D22: 149 | E22: 187.1 | F22: 225.7 | G22: 255.4 | H22: 273 | I22: 274.7 | J22: 259.8 | K22: 231.9 | L22: 199 | M22: 169.2 | N22: 142.2 | O22: 129.7 | P22: 129 | Q22: 138.6 | R22: 149.7 | S22: 157.8 | T22: 157.5 | U22: 146.9 | V22: 131.9 | W22: 113.4 | X22: 94.7 | Y22: 78.1 | Z22: 74.8 | AA22: =SUM(C22:Z22) -> 3985 | AB22: =AVERAGE(C22:Z22) -> 166.04167
A23: 19 | B23: =B22+1 -> 44727 | C23: {=TRANSPOSE('data asli x100'!C440:C463)} -> 88.9 | D23: 119.4 | E23: 161.4 | F23: 208.9 | G23: 247.4 | H23: 276.9 | I23: 288 | J23: 281.2 | K23: 256.8 | L23: 222.5 | M23: 190.4 | N23: 158.5 | O23: 138.1 | P23: 128.1 | Q23: 129.5 | R23: 142.5 | S23: 149.2 | T23: 155.9 | U23: 151.1 | V23: 136.8 | W23: 119 | X23: 100.1 | Y23: 83 | Z23: 65.3 | AA23: =SUM(C23:Z23) -> 3998.9 | AB23: =AVERAGE(C23:Z23) -> 166.62083
A24: 20 | B24: =B23+1 -> 44728 | C24: {=TRANSPOSE('data asli x100'!C464:C487)} -> 65.2 | D24: 86.8 | E24: 125.2 | F24: 174.8 | G24: 225.9 | H24: 264.5 | I24: 287 | J24: 288.9 | K24: 271.1 | L24: 242.2 | M24: 210.8 | N24: 178.5 | O24: 155 | P24: 138.2 | Q24: 132.5 | R24: 138.5 | S24: 149.8 | T24: 157.7 | U24: 158.4 | V24: 147.5 | W24: 129.5 | X24: 105.4 | Y24: 80.8 | Z24: 62.6 | AA24: =SUM(C24:Z24) -> 3976.8 | AB24: =AVERAGE(C24:Z24) -> 165.7
A25: 21 | B25: =B24+1 -> 44729 | C25: {=TRANSPOSE('data asli x100'!C488:C511)} -> 56 | D25: 68.5 | E25: 95.8 | F25: 142.6 | G25: 192.1 | H25: 237.5 | I25: 272.5 | J25: 286.2 | K25: 281.5 | L25: 261 | M25: 227.3 | N25: 195.8 | O25: 171 | P25: 152.4 | Q25: 141.9 | R25: 139 | S25: 150.5 | T25: 161.4 | U25: 168.7 | V25: 162.1 | W25: 150.5 | X25: 125.4 | Y25: 101.2 | Z25: 81.5 | AA25: =SUM(C25:Z25) -> 4022.4 | AB25: =AVERAGE(C25:Z25) -> 167.6
A26: 22 | B26: =B25+1 -> 44730 | C26: {=TRANSPOSE('data asli x100'!C512:C535)} -> 68.8 | D26: 61.5 | E26: 77.8 | F26: 111 | G26: 159.7 | H26: 208.5 | I26: 246.6 | J26: 268.5 | K26: 270.4 | L26: 264.8 | M26: 242.7 | N26: 208.1 | O26: 178.9 | P26: 162.8 | Q26: 146.7 | R26: 144.5 | S26: 151.5 | T26: 162.2 | U26: 171.2 | V26: 173.4 | W26: 165.8 | X26: 150 | Y26: 129.1 | Z26: 105.8 | AA26: =SUM(C26:Z26) -> 4030.3 | AB26: =AVERAGE(C26:Z26) -> 167.92917
A27: 23 | B27: =B26+1 -> 44731 | C27: {=TRANSPOSE('data asli x100'!C536:C559)} -> 83.4 | D27: 71.2 | E27: 72.8 | F27: 91 | G27: 126.8 | H27: 176.5 | I27: 219.7 | J27: 253.2 | K27: 264.2 | L27: 258 | M27: 244.3 | N27: 217.1 | O27: 189.7 | P27: 165.6 | Q27: 147.9 | R27: 140.5 | S27: 146.7 | T27: 160.8 | U27: 174.7 | V27: 182.4 | W27: 182.1 | X27: 168.3 | Y27: 148.5 | Z27: 128.7 | AA27: =SUM(C27:Z27) -> 4014.1 | AB27: =AVERAGE(C27:Z27) -> 167.25417
A28: 24 | B28: =B27+1 -> 44732 | C28: {=TRANSPOSE('data asli x100'!C560:C583)} -> 111.8 | D28: 93.9 | E28: 89.2 | F28: 97.3 | G28: 118.6 | H28: 152.4 | I28: 195.9 | J28: 232.1 | K28: 250.4 | L28: 250.1 | M28: 241.1 | N28: 223.8 | O28: 199.8 | P28: 176.6 | Q28: 155 | R28: 140.7 | S28: 141.4 | T28: 154.5 | U28: 170 | V28: 181.7 | W28: 188.1 | X28: 184.4 | Y28: 171.9 | Z28: 153.7 | AA28: =SUM(C28:Z28) -> 4074.4 | AB28: =AVERAGE(C28:Z28) -> 169.76667
A29: 25 | B29: =B28+1 -> 44733 | C29: {=TRANSPOSE('data asli x100'!C584:C607)} -> 134.9 | D29: 121.9 | E29: 111.6 | F29: 113.9 | G29: 122 | H29: 143.5 | I29: 176.8 | J29: 208.8 | K29: 230.3 | L29: 237.9 | M29: 233.8 | N29: 222.1 | O29: 204.2 | P29: 184.9 | Q29: 161.4 | R29: 142.5 | S29: 137.9 | T29: 143.1 | U29: 152.4 | V29: 167.6 | W29: 178 | X29: 183.1 | Y29: 181 | Z29: 167.9 | AA29: =SUM(C29:Z29) -> 4061.5 | AB29: =AVERAGE(C29:Z29) -> 169.22917
A30: 26 | B30: =B29+1 -> 44734 | C30: {=TRANSPOSE('data asli x100'!C608:C631)} -> 156.9 | D30: 143.3 | E30: 133.8 | F30: 134 | G30: 138.1 | H30: 146.7 | I30: 165.7 | J30: 191.2 | K30: 208.7 | L30: 218.5 | M30: 221.9 | N30: 217 | O30: 205.7 | P30: 185.5 | Q30: 165.3 | R30: 146.4 | S30: 133.4 | T30: 127.9 | U30: 133.7 | V30: 142.9 | W30: 154 | X30: 164.4 | Y30: 176.1 | Z30: 179.6 | AA30: =SUM(C30:Z30) -> 3990.7 | AB30: =AVERAGE(C30:Z30) -> 166.27917
A31: 27 | B31: =B30+1 -> 44735 | C31: {=TRANSPOSE('data asli x100'!C632:C655)} -> 179 | D31: 172.4 | E31: 161.7 | F31: 156.6 | G31: 153.2 | H31: 156.8 | I31: 166.5 | J31: 178.4 | K31: 193.8 | L31: 197.3 | M31: 197 | N31: 194.4 | O31: 182.4 | P31: 173.5 | Q31: 163.7 | R31: 148.1 | S31: 133.2 | T31: 124.7 | U31: 119.6 | V31: 121.4 | W31: 131.8 | X31: 146.6 | Y31: 160 | Z31: 169.9 | AA31: =SUM(C31:Z31) -> 3882 | AB31: =AVERAGE(C31:Z31) -> 161.75 | AQ31: =3.492-0.919 -> 2.573
A32: 28 | B32: =B31+1 -> 44736 | C32: {=TRANSPOSE('data asli x100'!C656:C679)} -> 177 | D32: 180.5 | E32: 182.9 | F32: 182.6 | G32: 178.8 | H32: 173.7 | I32: 169.7 | J32: 172.8 | K32: 175.6 | L32: 180 | M32: 183.1 | N32: 180.9 | O32: 176 | P32: 170.9 | Q32: 161.7 | R32: 152.4 | S32: 141.9 | T32: 131.4 | U32: 122.1 | V32: 117.1 | W32: 114.9 | X32: 124.4 | Y32: 138.5 | Z32: 156.7 | AA32: =SUM(C32:Z32) -> 3845.6 | AB32: =AVERAGE(C32:Z32) -> 160.23333
A33: 29 | B33: =B32+1 -> 44737 | C33: {=TRANSPOSE('data asli x100'!C680:C703)} -> 171.9 | D33: 188.7 | E33: 200.7 | F33: 205.3 | G33: 203.8 | H33: 197.2 | I33: 192 | J33: 184.7 | K33: 175.7 | L33: 168.4 | M33: 163.5 | N33: 165.4 | O33: 166.8 | P33: 167.2 | Q33: 166.8 | R33: 158.8 | S33: 149.5 | T33: 139.9 | U33: 126.2 | V33: 114.4 | W33: 111.4 | X33: 113 | Y33: 120.4 | Z33: 135 | AA33: =SUM(C33:Z33) -> 3886.7 | AB33: =AVERAGE(C33:Z33) -> 161.94583
A35: Keterangan : | C35: Air Tertinggi | G35: : | H35: =MAX(C5:Z33) -> 288.9 | I35: cm
C36: Air Terendah | G36: : | H36: =MIN(C5:Z33) -> 56 | I36: cm
C37: Duduk Tengah | G37: : | H37: ='Duduk Tengah'!L44 -> 166.53241 | I37: cm
G38: =H35-H36 -> 232.9 | J38: =H35-H36 -> 232.9
A41: Waktu tengah = | C41: 11
C44: 0.554 | D44: 0.891 | E44: 1.021 | F44: 1.27 | G44: 1.447 | H44: 1.462 | I44: 1.491 | J44: 1.316 | K44: 1.087 | L44: 1.054 | M44: 0.75 | N44: 0.663 | O44: 0.758 | P44: 1.053 | Q44: 1.157 | R44: 1.371 | S44: 1.612 | T44: 1.621 | U44: 1.354 | V44: 1.28 | W44: 1.886 | X44: 0.832 | Y44: 0.601 | Z44: 0.462 | AA44: 0.414

Sheet Tabel 2
B2: Tabel 2. Konstanta pengali dalam menyusun Skema 2.
C4: Jam Pengamatan | AD4: =skemA1!B5 -> 44709
C5: 00 | D5: 01 | E5: 02 | F5: 03 | G5: 04 | H5: 05 | I5: 06 | J5: 07 | K5: 08 | L5: 09 | M5: 10 | N5: 11 | O5: 12 | P5: 13 | Q5: 14 | R5: 15 | S5: 16 | T5: 17 | U5: 18 | V5: 19 | W5: 20 | X5: 21 | Y5: 22 | Z5: 23 | AD5: Jam | AE5: Tide Elev. | AF5: X1 | AJ5: Y1 | AN5: X2 | AR5: Y2 | AV5: X4 | AZ5: Y4
B6: X1 | C6: -1 | D6: -1 | E6: -1 | F6: -1 | G6: -1 | H6: -1 | I6: 1 | J6: 1 | K6: 1 | L6: 1 | M6: 1 | N6: 1 | O6: 1 | P6: 1 | Q6: 1 | R6: 1 | S6: 1 | T6: 1 | U6: -1 | V6: -1 | W6: -1 | X6: -1 | Y6: -1 | Z6: -1 | AF6: Multiplier Factor | AG6: Result | AJ6: Multiplier Factor | AK6: Result | AN6: Multiplier Factor | AO6: Result | AR6: Multiplier Factor | AS6: Result | AV6: Multiplier Factor | AW6: Result | AZ6: Multiplier Factor | BA6: Result
B7: Y1 | C7: -1 | D7: -1 | E7: -1 | F7: -1 | G7: -1 | H7: -1 | I7: -1 | J7: -1 | K7: -1 | L7: -1 | M7: -1 | N7: -1 | O7: 1 | P7: 1 | Q7: 1 | R7: 1 | S7: 1 | T7: 1 | U7: 1 | V7: 1 | W7: 1 | X7: 1 | Y7: 1 | Z7: 1 | AG7: + | AH7: 0 | AI7: - | AK7: + | AL7: 0 | AM7: - | AO7: + | AP7: 0 | AQ7: - | AS7: + | AT7: 0 | AU7: - | AW7: + | AX7: 0 | AY7: - | BA7: + | BB7: 0 | BC7: -
B8: X2 | C8: 1 | D8: 1 | E8: 1 | F8: -1 | G8: -1 | H8: -1 | I8: -1 | J8: -1 | K8: -1 | L8: 1 | M8: 1 | N8: 1 | O8: 1 | P8: 1 | Q8: 1 | R8: -1 | S8: -1 | T8: -1 | U8: -1 | V8: -1 | W8: -1 | X8: 1 | Y8: 1 | Z8: 1 | AD8: {=TRANSPOSE(C5:Z5)} -> 00 | AE8: {=TRANSPOSE(skemA1!C5:Z5)} -> 136 | AF8: {=TRANSPOSE(C6:Z6)} -> -1 | AG8: =IF(AF8>0,AF8*$AE8,"") | AH8: =IF(AF8=0,AF8*$AE8,"") | AI8: =IF(AF8<0,AF8*$AE8,"") -> -136 | AJ8: {=TRANSPOSE(C7:Z7)} -> -1 | AK8: =IF(AJ8>0,AJ8*$AE8,"") | AL8: =IF(AJ8=0,AJ8*$AE8,"") | AM8: =IF(AJ8<0,AJ8*$AE8,"") -> -136 | AN8: {=TRANSPOSE(C8:Z8)} -> 1 | AO8: =IF(AN8>0,AN8*$AE8,"") -> 136 | AP8: =IF(AN8=0,AN8*$AE8,"") | AQ8: =IF(AN8<0,AN8*$AE8,"") | AR8: {=TRANSPOSE(C9:Z9)} -> 1 | AS8: =IF(AR8>0,AR8*$AE8,"") -> 136 | AT8: =IF(AR8=0,AR8*$AE8,"") | AU8: =IF(AR8<0,AR8*$AE8,"") | AV8: {=TRANSPOSE(C10:Z10)} -> 1 | AW8: =IF(AV8>0,AV8*$AE8,"") -> 136 | AX8: =IF(AV8=0,AV8*$AE8,"") | AY8: =IF(AV8<0,AV8*$AE8,"") | AZ8: {=TRANSPOSE(C11:Z11)} -> 1 | BA8: =IF(AZ8>0,AZ8*$AE8,"") -> 136 | BB8: =IF(AZ8=0,AZ8*$AE8,"") | BC8: =IF(AZ8<0,AZ8*$AE8,"")
B9: Y2 | C9: 1 | D9: 1 | E9: 1 | F9: 1 | G9: 1 | H9: 1 | I9: -1 | J9: -1 | K9: -1 | L9: -1 | M9: -1 | N9: -1 | O9: 1 | P9: 1 | Q9: 1 | R9: 1 | S9: 1 | T9: 1 | U9: -1 | V9: -1 | W9: -1 | X9: -1 | Y9: -1 | Z9: -1 | AD9: 01 | AE9: 165.5 | AF9: -1 | AG9: =IF(AF9>0,AF9*$AE9,"") | AH9: =IF(AF9=0,AF9*$AE9,"") | AI9: =IF(AF9<0,AF9*$AE9,"") -> -165.5 | AJ9: -1 | AK9: =IF(AJ9>0,AJ9*$AE9,"") | AL9: =IF(AJ9=0,AJ9*$AE9,"") | AM9: =IF(AJ9<0,AJ9*$AE9,"") -> -165.5 | AN9: 1 | AO9: =IF(AN9>0,AN9*$AE9,"") -> 165.5 | AP9: =IF(AN9=0,AN9*$AE9,"") | AQ9: =IF(AN9<0,AN9*$AE9,"") | AR9: 1 | AS9: =IF(AR9>0,AR9*$AE9,"") -> 165.5 | AT9: =IF(AR9=0,AR9*$AE9,"") | AU9: =IF(AR9<0,AR9*$AE9,"") | AV9: 0 | AW9: =IF(AV9>0,AV9*$AE9,"") | AX9: =IF(AV9=0,AV9*$AE9,"") -> 0 | AY9: =IF(AV9<0,AV9*$AE9,"") | AZ9: 1 | BA9: =IF(AZ9>0,AZ9*$AE9,"") -> 165.5 | BB9: =IF(AZ9=0,AZ9*$AE9,"") | BC9: =IF(AZ9<0,AZ9*$AE9,"")
B10: X4 | C10: 1 | D10: 0 | E10: -1 | F10: -1 | G10: 0 | H10: 1 | I10: 1 | J10: 0 | K10: -1 | L10: -1 | M10: 0 | N10: 1 | O10: 1 | P10: 0 | Q10: -1 | R10: -1 | S10: 0 | T10: 1 | U10: 1 | V10: 0 | W10: -1 | X10: -1 | Y10: 0 | Z10: 1 | AD10: 02 | AE10: 198.3 | AF10: -1 | AG10: =IF(AF10>0,AF10*$AE10,"") | AH10: =IF(AF10=0,AF10*$AE10,"") | AI10: =IF(AF10<0,AF10*$AE10,"") -> -198.3 | AJ10: -1 | AK10: =IF(AJ10>0,AJ10*$AE10,"") | AL10: =IF(AJ10=0,AJ10*$AE10,"") | AM10: =IF(AJ10<0,AJ10*$AE10,"") -> -198.3 | AN10: 1 | AO10: =IF(AN10>0,AN10*$AE10,"") -> 198.3 | AP10: =IF(AN10=0,AN10*$AE10,"") | AQ10: =IF(AN10<0,AN10*$AE10,"") | AR10: 1 | AS10: =IF(AR10>0,AR10*$AE10,"") -> 198.3 | AT10: =IF(AR10=0,AR10*$AE10,"") | AU10: =IF(AR10<0,AR10*$AE10,"") | AV10: -1 | AW10: =IF(AV10>0,AV10*$AE10,"") | AX10: =IF(AV10=0,AV10*$AE10,"") | AY10: =IF(AV10<0,AV10*$AE10,"") -> -198.3 | AZ10: 1 | BA10: =IF(AZ10>0,AZ10*$AE10,"") -> 198.3 | BB10: =IF(AZ10=0,AZ10*$AE10,"") | BC10: =IF(AZ10<0,AZ10*$AE10,"")
B11: Y4 | C11: 1 | D11: 1 | E11: 1 | F11: -1 | G11: -1 | H11: -1 | I11: 1 | J11: 1 | K11: 1 | L11: -1 | M11: -1 | N11: -1 | O11: 1 | P11: 1 | Q11: 1 | R11: -1 | S11: -1 | T11: -1 | U11: 1 | V11: 1 | W11: 1 | X11: -1 | Y11: -1 | Z11: -1 | AD11: 03 | AE11: 224.7 | AF11: -1 | AG11: =IF(AF11>0,AF11*$AE11,"") | AH11: =IF(AF11=0,AF11*$AE11,"") | AI11: =IF(AF11<0,AF11*$AE11,"") -> -224.7 | AJ11: -1 | AK11: =IF(AJ11>0,AJ11*$AE11,"") | AL11: =IF(AJ11=0,AJ11*$AE11,"") | AM11: =IF(AJ11<0,AJ11*$AE11,"") -> -224.7 | AN11: -1 | AO11: =IF(AN11>0,AN11*$AE11,"") | AP11: =IF(AN11=0,AN11*$AE11,"") | AQ11: =IF(AN11<0,AN11*$AE11,"") -> -224.7 | AR11: 1 | AS11: =IF(AR11>0,AR11*$AE11,"") -> 224.7 | AT11: =IF(AR11=0,AR11*$AE11,"") | AU11: =IF(AR11<0,AR11*$AE11,"") | AV11: -1 | AW11: =IF(AV11>0,AV11*$AE11,"") | AX11: =IF(AV11=0,AV11*$AE11,"") | AY11: =IF(AV11<0,AV11*$AE11,"") -> -224.7 | AZ11: -1 | BA11: =IF(AZ11>0,AZ11*$AE11,"") | BB11: =IF(AZ11=0,AZ11*$AE11,"") | BC11: =IF(AZ11<0,AZ11*$AE11,"") -> -224.7
AD12: 04 | AE12: 239 | AF12: -1 | AG12: =IF(AF12>0,AF12*$AE12,"") | AH12: =IF(AF12=0,AF12*$AE12,"") | AI12: =IF(AF12<0,AF12*$AE12,"") -> -239 | AJ12: -1 | AK12: =IF(AJ12>0,AJ12*$AE12,"") | AL12: =IF(AJ12=0,AJ12*$AE12,"") | AM12: =IF(AJ12<0,AJ12*$AE12,"") -> -239 | AN12: -1 | AO12: =IF(AN12>0,AN12*$AE12,"") | AP12: =IF(AN12=0,AN12*$AE12,"") | AQ12: =IF(AN12<0,AN12*$AE12,"") -> -239 | AR12: 1 | AS12: =IF(AR12>0,AR12*$AE12,"") -> 239 | AT12: =IF(AR12=0,AR12*$AE12,"") | AU12: =IF(AR12<0,AR12*$AE12,"") | AV12: 0 | AW12: =IF(AV12>0,AV12*$AE12,"") | AX12: =IF(AV12=0,AV12*$AE12,"") -> 0 | AY12: =IF(AV12<0,AV12*$AE12,"") | AZ12: -1 | BA12: =IF(AZ12>0,AZ12*$AE12,"") | BB12: =IF(AZ12=0,AZ12*$AE12,"") | BC12: =IF(AZ12<0,AZ12*$AE12,"") -> -239
AD13: 05 | AE13: 243 | AF13: -1 | AG13: =IF(AF13>0,AF13*$AE13,"") | AH13: =IF(AF13=0,AF13*$AE13,"") | AI13: =IF(AF13<0,AF13*$AE13,"") -> -243 | AJ13: -1 | AK13: =IF(AJ13>0,AJ13*$AE13,"") | AL13: =IF(AJ13=0,AJ13*$AE13,"") | AM13: =IF(AJ13<0,AJ13*$AE13,"") -> -243 | AN13: -1 | AO13: =IF(AN13>0,AN13*$AE13,"") | AP13: =IF(AN13=0,AN13*$AE13,"") | AQ13: =IF(AN13<0,AN13*$AE13,"") -> -243 | AR13: 1 | AS13: =IF(AR13>0,AR13*$AE13,"") -> 243 | AT13: =IF(AR13=0,AR13*$AE13,"") | AU13: =IF(AR13<0,AR13*$AE13,"") | AV13: 1 | AW13: =IF(AV13>0,AV13*$AE13,"") -> 243 | AX13: =IF(AV13=0,AV13*$AE13,"") | AY13: =IF(AV13<0,AV13*$AE13,"") | AZ13: -1 | BA13: =IF(AZ13>0,AZ13*$AE13,"") | BB13: =IF(AZ13=0,AZ13*$AE13,"") | BC13: =IF(AZ13<0,AZ13*$AE13,"") -> -243
AD14: 06 | AE14: 231.7 | AF14: 1 | AG14: =IF(AF14>0,AF14*$AE14,"") -> 231.7 | AH14: =IF(AF14=0,AF14*$AE14,"") | AI14: =IF(AF14<0,AF14*$AE14,"") | AJ14: -1 | AK14: =IF(AJ14>0,AJ14*$AE14,"") | AL14: =IF(AJ14=0,AJ14*$AE14,"") | AM14: =IF(AJ14<0,AJ14*$AE14,"") -> -231.7 | AN14: -1 | AO14: =IF(AN14>0,AN14*$AE14,"") | AP14: =IF(AN14=0,AN14*$AE14,"") | AQ14: =IF(AN14<0,AN14*$AE14,"") -> -231.7 | AR14: -1 | AS14: =IF(AR14>0,AR14*$AE14,"") | AT14: =IF(AR14=0,AR14*$AE14,"") | AU14: =IF(AR14<0,AR14*$AE14,"") -> -231.7 | AV14: 1 | AW14: =IF(AV14>0,AV14*$AE14,"") -> 231.7 | AX14: =IF(AV14=0,AV14*$AE14,"") | AY14: =IF(AV14<0,AV14*$AE14,"") | AZ14: 1 | BA14: =IF(AZ14>0,AZ14*$AE14,"") -> 231.7 | BB14: =IF(AZ14=0,AZ14*$AE14,"") | BC14: =IF(AZ14<0,AZ14*$AE14,"")
AD15: 07 | AE15: 212.1 | AF15: 1 | AG15: =IF(AF15>0,AF15*$AE15,"") -> 212.1 | AH15: =IF(AF15=0,AF15*$AE15,"") | AI15: =IF(AF15<0,AF15*$AE15,"") | AJ15: -1 | AK15: =IF(AJ15>0,AJ15*$AE15,"") | AL15: =IF(AJ15=0,AJ15*$AE15,"") | AM15: =IF(AJ15<0,AJ15*$AE15,"") -> -212.1 | AN15: -1 | AO15: =IF(AN15>0,AN15*$AE15,"") | AP15: =IF(AN15=0,AN15*$AE15,"") | AQ15: =IF(AN15<0,AN15*$AE15,"") -> -212.1 | AR15: -1 | AS15: =IF(AR15>0,AR15*$AE15,"") | AT15: =IF(AR15=0,AR15*$AE15,"") | AU15: =IF(AR15<0,AR15*$AE15,"") -> -212.1 | AV15: 0 | AW15: =IF(AV15>0,AV15*$AE15,"") | AX15: =IF(AV15=0,AV15*$AE15,"") -> 0 | AY15: =IF(AV15<0,AV15*$AE15,"") | AZ15: 1 | BA15: =IF(AZ15>0,AZ15*$AE15,"") -> 212.1 | BB15: =IF(AZ15=0,AZ15*$AE15,"") | BC15: =IF(AZ15<0,AZ15*$AE15,"")
AD16: 08 | AE16: 188.4 | AF16: 1 | AG16: =IF(AF16>0,AF16*$AE16,"") -> 188.4 | AH16: =IF(AF16=0,AF16*$AE16,"") | AI16: =IF(AF16<0,AF16*$AE16,"") | AJ16: -1 | AK16: =IF(AJ16>0,AJ16*$AE16,"") | AL16: =IF(AJ16=0,AJ16*$AE16,"") | AM16: =IF(AJ16<0,AJ16*$AE16,"") -> -188.4 | AN16: -1 | AO16: =IF(AN16>0,AN16*$AE16,"") | AP16: =IF(AN16=0,AN16*$AE16,"") | AQ16: =IF(AN16<0,AN16*$AE16,"") -> -188.4 | AR16: -1 | AS16: =IF(AR16>0,AR16*$AE16,"") | AT16: =IF(AR16=0,AR16*$AE16,"") | AU16: =IF(AR16<0,AR16*$AE16,"") -> -188.4 | AV16: -1 | AW16: =IF(AV16>0,AV16*$AE16,"") | AX16: =IF(AV16=0,AV16*$AE16,"") | AY16: =IF(AV16<0,AV16*$AE16,"") -> -188.4 | AZ16: 1 | BA16: =IF(AZ16>0,AZ16*$AE16,"") -> 188.4 | BB16: =IF(AZ16=0,AZ16*$AE16,"") | BC16: =IF(AZ16<0,AZ16*$AE16,"")
AD17: 09 | AE17: 163.7 | AF17: 1 | AG17: =IF(AF17>0,AF17*$AE17,"") -> 163.7 | AH17: =IF(AF17=0,AF17*$AE17,"") | AI17: =IF(AF17<0,AF17*$AE17,"") | AJ17: -1 | AK17: =IF(AJ17>0,AJ17*$AE17,"") | AL17: =IF(AJ17=0,AJ17*$AE17,"") | AM17: =IF(AJ17<0,AJ17*$AE17,"") -> -163.7 | AN17: 1 | AO17: =IF(AN17>0,AN17*$AE17,"") -> 163.7 | AP17: =IF(AN17=0,AN17*$AE17,"") | AQ17: =IF(AN17<0,AN17*$AE17,"") | AR17: -1 | AS17: =IF(AR17>0,AR17*$AE17,"") | AT17: =IF(AR17=0,AR17*$AE17,"") | AU17: =IF(AR17<0,AR17*$AE17,"") -> -163.7 | AV17: -1 | AW17: =IF(AV17>0,AV17*$AE17,"") | AX17: =IF(AV17=0,AV17*$AE17,"") | AY17: =IF(AV17<0,AV17*$AE17,"") -> -163.7 | AZ17: -1 | BA17: =IF(AZ17>0,AZ17*$AE17,"") | BB17: =IF(AZ17=0,AZ17*$AE17,"") | BC17: =IF(AZ17<0,AZ17*$AE17,"") -> -163.7
AD18: 10 | AE18: 145.4 | AF18: 1 | AG18: =IF(AF18>0,AF18*$AE18,"") -> 145.4 | AH18: =IF(AF18=0,AF18*$AE18,"") | AI18: =IF(AF18<0,AF18*$AE18,"") | AJ18: -1 | AK18: =IF(AJ18>0,AJ18*$AE18,"") | AL18: =IF(AJ18=0,AJ18*$AE18,"") | AM18: =IF(AJ18<0,AJ18*$AE18,"") -> -145.4 | AN18: 1 | AO18: =IF(AN18>0,AN18*$AE18,"") -> 145.4 | AP18: =IF(AN18=0,AN18*$AE18,"") | AQ18: =IF(AN18<0,AN18*$AE18,"") | AR18: -1 | AS18: =IF(AR18>0,AR18*$AE18,"") | AT18: =IF(AR18=0,AR18*$AE18,"") | AU18: =IF(AR18<0,AR18*$AE18,"") -> -145.4 | AV18: 0 | AW18: =IF(AV18>0,AV18*$AE18,"") | AX18: =IF(AV18=0,AV18*$AE18,"") -> 0 | AY18: =IF(AV18<0,AV18*$AE18,"") | AZ18: -1 | BA18: =IF(AZ18>0,AZ18*$AE18,"") | BB18: =IF(AZ18=0,AZ18*$AE18,"") | BC18: =IF(AZ18<0,AZ18*$AE18,"") -> -145.4
AD19: 11 | AE19: 135.4 | AF19: 1 | AG19: =IF(AF19>0,AF19*$AE19,"") -> 135.4 | AH19: =IF(AF19=0,AF19*$AE19,"") | AI19: =IF(AF19<0,AF19*$AE19,"") | AJ19: -1 | AK19: =IF(AJ19>0,AJ19*$AE19,"") | AL19: =IF(AJ19=0,AJ19*$AE19,"") | AM19: =IF(AJ19<0,AJ19*$AE19,"") -> -135.4 | AN19: 1 | AO19: =IF(AN19>0,AN19*$AE19,"") -> 135.4 | AP19: =IF(AN19=0,AN19*$AE19,"") | AQ19: =IF(AN19<0,AN19*$AE19,"") | AR19: -1 | AS19: =IF(AR19>0,AR19*$AE19,"") | AT19: =IF(AR19=0,AR19*$AE19,"") | AU19: =IF(AR19<0,AR19*$AE19,"") -> -135.4 | AV19: 1 | AW19: =IF(AV19>0,AV19*$AE19,"") -> 135.4 | AX19: =IF(AV19=0,AV19*$AE19,"") | AY19: =IF(AV19<0,AV19*$AE19,"") | AZ19: -1 | BA19: =IF(AZ19>0,AZ19*$AE19,"") | BB19: =IF(AZ19=0,AZ19*$AE19,"") | BC19: =IF(AZ19<0,AZ19*$AE19,"") -> -135.4
AD20: 12 | AE20: 142 | AF20: 1 | AG20: =IF(AF20>0,AF20*$AE20,"") -> 142 | AH20: =IF(AF20=0,AF20*$AE20,"") | AI20: =IF(AF20<0,AF20*$AE20,"") | AJ20: 1 | AK20: =IF(AJ20>0,AJ20*$AE20,"") -> 142 | AL20: =IF(AJ20=0,AJ20*$AE20,"") | AM20: =IF(AJ20<0,AJ20*$AE20,"") | AN20: 1 | AO20: =IF(AN20>0,AN20*$AE20,"") -> 142 | AP20: =IF(AN20=0,AN20*$AE20,"") | AQ20: =IF(AN20<0,AN20*$AE20,"") | AR20: 1 | AS20: =IF(AR20>0,AR20*$AE20,"") -> 142 | AT20: =IF(AR20=0,AR20*$AE20,"") | AU20: =IF(AR20<0,AR20*$AE20,"") | AV20: 1 | AW20: =IF(AV20>0,AV20*$AE20,"") -> 142 | AX20: =IF(AV20=0,AV20*$AE20,"") | AY20: =IF(AV20<0,AV20*$AE20,"") | AZ20: 1 | BA20: =IF(AZ20>0,AZ20*$AE20,"") -> 142 | BB20: =IF(AZ20=0,AZ20*$AE20,"") | BC20: =IF(AZ20<0,AZ20*$AE20,"")
AD21: 13 | AE21: 156.1 | AF21: 1 | AG21: =IF(AF21>0,AF21*$AE21,"") -> 156.1 | AH21: =IF(AF21=0,AF21*$AE21,"") | AI21: =IF(AF21<0,AF21*$AE21,"") | AJ21: 1 | AK21: =IF(AJ21>0,AJ21*$AE21,"") -> 156.1 | AL21: =IF(AJ21=0,AJ21*$AE21,"") | AM21: =IF(AJ21<0,AJ21*$AE21,"") | AN21: 1 | AO21: =IF(AN21>0,AN21*$AE21,"") -> 156.1 | AP21: =IF(AN21=0,AN21*$AE21,"") | AQ21: =IF(AN21<0,AN21*$AE21,"") | AR21: 1 | AS21: =IF(AR21>0,AR21*$AE21,"") -> 156.1 | AT21: =IF(AR21=0,AR21*$AE21,"") | AU21: =IF(AR21<0,AR21*$AE21,"") | AV21: 0 | AW21: =IF(AV21>0,AV21*$AE21,"") | AX21: =IF(AV21=0,AV21*$AE21,"") -> 0 | AY21: =IF(AV21<0,AV21*$AE21,"") | AZ21: 1 | BA21: =IF(AZ21>0,AZ21*$AE21,"") -> 156.1 | BB21: =IF(AZ21=0,AZ21*$AE21,"") | BC21: =IF(AZ21<0,AZ21*$AE21,"")
AD22: 14 | AE22: 173.1 | AF22: 1 | AG22: =IF(AF22>0,AF22*$AE22,"") -> 173.1 | AH22: =IF(AF22=0,AF22*$AE22,"") | AI22: =IF(AF22<0,AF22*$AE22,"") | AJ22: 1 | AK22: =IF(AJ22>0,AJ22*$AE22,"") -> 173.1 | AL22: =IF(AJ22=0,AJ22*$AE22,"") | AM22: =IF(AJ22<0,AJ22*$AE22,"") | AN22: 1 | AO22: =IF(AN22>0,AN22*$AE22,"") -> 173.1 | AP22: =IF(AN22=0,AN22*$AE22,"") | AQ22: =IF(AN22<0,AN22*$AE22,"") | AR22: 1 | AS22: =IF(AR22>0,AR22*$AE22,"") -> 173.1 | AT22: =IF(AR22=0,AR22*$AE22,"") | AU22: =IF(AR22<0,AR22*$AE22,"") | AV22: -1 | AW22: =IF(AV22>0,AV22*$AE22,"") | AX22: =IF(AV22=0,AV22*$AE22,"") | AY22: =IF(AV22<0,AV22*$AE22,"") -> -173.1 | AZ22: 1 | BA22: =IF(AZ22>0,AZ22*$AE22,"") -> 173.1 | BB22: =IF(AZ22=0,AZ22*$AE22,"") | BC22: =IF(AZ22<0,AZ22*$AE22,"")
AD23: 15 | AE23: 188.9 | AF23: 1 | AG23: =IF(AF23>0,AF23*$AE23,"") -> 188.9 | AH23: =IF(AF23=0,AF23*$AE23,"") | AI23: =IF(AF23<0,AF23*$AE23,"") | AJ23: 1 | AK23: =IF(AJ23>0,AJ23*$AE23,"") -> 188.9 | AL23: =IF(AJ23=0,AJ23*$AE23,"") | AM23: =IF(AJ23<0,AJ23*$AE23,"") | AN23: -1 | AO23: =IF(AN23>0,AN23*$AE23,"") | AP23: =IF(AN23=0,AN23*$AE23,"") | AQ23: =IF(AN23<0,AN23*$AE23,"") -> -188.9 | AR23: 1 | AS23: =IF(AR23>0,AR23*$AE23,"") -> 188.9 | AT23: =IF(AR23=0,AR23*$AE23,"") | AU23: =IF(AR23<0,AR23*$AE23,"") | AV23: -1 | AW23: =IF(AV23>0,AV23*$AE23,"") | AX23: =IF(AV23=0,AV23*$AE23,"") | AY23: =IF(AV23<0,AV23*$AE23,"") -> -188.9 | AZ23: -1 | BA23: =IF(AZ23>0,AZ23*$AE23,"") | BB23: =IF(AZ23=0,AZ23*$AE23,"") | BC23: =IF(AZ23<0,AZ23*$AE23,"") -> -188.9
... AD31: 23 | AE31: 99.1 | AF31: -1 | AG31: =IF(AF31>0,AF31*$AE31,"") | AH31: =IF(AF31=0,AF31*$AE31,"") | AI31: =IF(AF31<0,AF31*$AE31,"") -> -99.1 | AJ31: 1 | AK31: =IF(AJ31>0,AJ31*$AE31,"") -> 99.1 | AL31: =IF(AJ31=0,AJ31*$AE31,"") | AM31: =IF(AJ31<0,AJ31*$AE31,"") | AN31: 1 | AO31: =IF(AN31>0,AN31*$AE31,"") -> 99.1 | AP31: =IF(AN31=0,AN31*$AE31,"") | AQ31: =IF(AN31<0,AN31*$AE31,"") | AR31: -1 | AS31: =IF(AR31>0,AR31*$AE31,"") | AT31: =IF(AR31=0,AR31*$AE31,"") | AU31: =IF(AR31<0,AR31*$AE31,"") -> -99.1 | AV31: 1 | AW31: =IF(AV31>0,AV31*$AE31,"") -> 99.1 | AX31: =IF(AV31=0,AV31*$AE31,"") | AY31: =IF(AV31<0,AV31*$AE31,"") | AZ31: -1 | BA31: =IF(AZ31>0,AZ31*$AE31,"") | BB31: =IF(AZ31=0,AZ31*$AE31,"") | BC31: =IF(AZ31<0,AZ31*$AE31,"") -> -99.1
AC32: =AD4 -> 44709 | AD32: Jumlah | AE32: =SUM(AE8:AE31) -> 4095.7 | AG32: =ABS(SUM(AG8:AG31)) -> 2121.7 | AI32: =ABS(SUM(AI8:AI31)) -> 1974 | AK32: =ABS(SUM(AK8:AK31)) -> 1812.5 | AM32: =ABS(SUM(AM8:AM31)) -> 2283.2 | AO32: =ABS(SUM(AO8:AO31)) -> 1722.3 | AQ32: =ABS(SUM(AQ8:AQ31)) -> 2373.4 | AS32: =ABS(SUM(AS8:AS31)) -> 2251.5 | AU32: =ABS(SUM(AU8:AU31)) -> 1844.2 | AW32: =ABS(SUM(AW8:AW31)) -> 1350.5 | AY32: =ABS(SUM(AY8:AY31)) -> 1380.3 | BA32: =ABS(SUM(BA8:BA31)) -> 2063.9 | BC32: =ABS(SUM(BC8:BC31)) -> 2031.8
AD34: =skemA1!B6 -> 44710
AD35: Jam | AE35: Tide Elev. | AF35: X1 | AJ35: Y1 | AN35: X2 | AR35: Y2 | AV35: X4 | AZ35: Y4
AF36: Multiplier Factor | AG36: Result | AJ36: Multiplier Factor | AK36: Result | AN36: Multiplier Factor | AO36: Result | AR36: Multiplier Factor | AS36: Result | AV36: Multiplier Factor | AW36: Result | AZ36: Multiplier Factor | BA36: Result
AG37: + | AH37: 0 | AI37: - | AK37: + | AL37: 0 | AM37: - | AO37: + | AP37: 0 | AQ37: - | AS37: + | AT37: 0 | AU37: - | AW37: + | AX37: 0 | AY37: - | BA37: + | BB37: 0 | BC37: -
AD38: {=TRANSPOSE($C$5:$Z$5)} -> 00 | AE38: {=TRANSPOSE(skemA1!$C$6:$Z$6)} -> 113.8 | AF38: {=TRANSPOSE($C$6:$Z$6)} -> -1 | AG38: =IF(AF38>0,AF38*$AE38,"") | AH38: =IF(AF38=0,AF38*$AE38,"") | AI38: =IF(AF38<0,AF38*$AE38,"") -> -113.8 | AJ38: {=TRANSPOSE($C$7:$Z$7)} -> -1 | AK38: =IF(AJ38>0,AJ38*$AE38,"") | AL38: =IF(AJ38=0,AJ38*$AE38,"") | AM38: =IF(AJ38<0,AJ38*$AE38,"") -> -113.8 | AN38: {=TRANSPOSE($C$8:$Z$8)} -> 1 | AO38: =IF(AN38>0,AN38*$AE38,"") -> 113.8 | AP38: =IF(AN38=0,AN38*$AE38,"") | AQ38: =IF(AN38<0,AN38*$AE38,"") | AR38: {=TRANSPOSE($C$9:$Z$9)} -> 1 | AS38: =IF(AR38>0,AR38*$AE38,"") -> 113.8 | AT38: =IF(AR38=0,AR38*$AE38,"") | AU38: =IF(AR38<0,AR38*$AE38,"") | AV38: {=TRANSPOSE($C$10:$Z$10)} -> 1 | AW38: =IF(AV38>0,AV38*$AE38,"") -> 113.8 | AX38: =IF(AV38=0,AV38*$AE38,"") | AY38: =IF(AV38<0,AV38*$AE38,"") | AZ38: {=TRANSPOSE($C$11:$Z$11)} -> 1 | BA38: =IF(AZ38>0,AZ38*$AE38,"") -> 113.8 | BB38: =IF(AZ38=0,AZ38*$AE38,"") | BC38: =IF(AZ38<0,AZ38*$AE38,"")
AD39: 01 | AE39: 143.9 | AF39: -1 | AG39: =IF(AF39>0,AF39*$AE39,"") | AH39: =IF(AF39=0,AF39*$AE39,"") | AI39: =IF(AF39<0,AF39*$AE39,"") -> -143.9 | AJ39: -1 | AK39: =IF(AJ39>0,AJ39*$AE39,"") | AL39: =IF(AJ39=0,AJ39*$AE39,"") | AM39: =IF(AJ39<0,AJ39*$AE39,"") -> -143.9 | AN39: 1 | AO39: =IF(AN39>0,AN39*$AE39,"") -> 143.9 | AP39: =IF(AN39=0,AN39*$AE39,"") | AQ39: =IF(AN39<0,AN39*$AE39,"") | AR39: 1 | AS39: =IF(AR39>0,AR39*$AE39,"") -> 143.9 | AT39: =IF(AR39=0,AR39*$AE39,"") | AU39: =IF(AR39<0,AR39*$AE39,"") | AV39: 0 | AW39: =IF(AV39>0,AV39*$AE39,"") | AX39: =IF(AV39=0,AV39*$AE39,"") -> 0 | AY39: =IF(AV39<0,AV39*$AE39,"") | AZ39: 1 | BA39: =IF(AZ39>0,AZ39*$AE39,"") -> 143.9 | BB39: =IF(AZ39=0,AZ39*$AE39,"") | BC39: =IF(AZ39<0,AZ39*$AE39,"")
AD40: 02 | AE40: 184.7 | AF40: -1 | AG40: =IF(AF40>0,AF40*$AE40,"") | AH40: =IF(AF40=0,AF40*$AE40,"") | AI40: =IF(AF40<0,AF40*$AE40,"") -> -184.7 | AJ40: -1 | AK40: =IF(AJ40>0,AJ40*$AE40,"") | AL40: =IF(AJ40=0,AJ40*$AE40,"") | AM40: =IF(AJ40<0,AJ40*$AE40,"") -> -184.7 | AN40: 1 | AO40: =IF(AN40>0,AN40*$AE40,"") -> 184.7 | AP40: =IF(AN40=0,AN40*$AE40,"") | AQ40: =IF(AN40<0,AN40*$AE40,"") | AR40: 1 | AS40: =IF(AR40>0,AR40*$AE40,"") -> 184.7 | AT40: =IF(AR40=0,AR40*$AE40,"") | AU40: =IF(AR40<0,AR40*$AE40,"") | AV40: -1 | AW40: =IF(AV40>0,AV40*$AE40,"") | AX40: =IF(AV40=0,AV40*$AE40,"") | AY40: =IF(AV40<0,AV40*$AE40,"") -> -184.7 | AZ40: 1 | BA40: =IF(AZ40>0,AZ40*$AE40,"") -> 184.7 | BB40: =IF(AZ40=0,AZ40*$AE40,"") | BC40: =IF(AZ40<0,AZ40*$AE40,"")
AD41: 03 | AE41: 222.3 | AF41: -1 | AG41: =IF(AF41>0,AF41*$AE41,"") | AH41: =IF(AF41=0,AF41*$AE41,"") | AI41: =IF(AF41<0,AF41*$AE41,"") -> -222.3 | AJ41: -1 | AK41: =IF(AJ41>0,AJ41*$AE41,"") | AL41: =IF(AJ41=0,AJ41*$AE41,"") | AM41: =IF(AJ41<0,AJ41*$AE41,"") -> -222.3 | AN41: -1 | AO41: =IF(AN41>0,AN41*$AE41,"") | AP41: =IF(AN41=0,AN41*$AE41,"") | AQ41: =IF(AN41<0,AN41*$AE41,"") -> -222.3 | AR41: 1 | AS41: =IF(AR41>0,AR41*$AE41,"") -> 222.3 | AT41: =IF(AR41=0,AR41*$AE41,"") | AU41: =IF(AR41<0,AR41*$AE41,"") | AV41: -1 | AW41: =IF(AV41>0,AV41*$AE41,"") | AX41: =IF(AV41=0,AV41*$AE41,"") | AY41: =IF(AV41<0,AV41*$AE41,"") -> -222.3 | AZ41: -1 | BA41: =IF(AZ41>0,AZ41*$AE41,"") | BB41: =IF(AZ41=0,AZ41*$AE41,"") | BC41: =IF(AZ41<0,AZ41*$AE41,"") -> -222.3
AD42: 04 | AE42: 249.1 | AF42: -1 | AG42: =IF(AF42>0,AF42*$AE42,"") | AH42: =IF(AF42=0,AF42*$AE42,"") | AI42: =IF(AF42<0,AF42*$AE42,"") -> -249.1 | AJ42: -1 | AK42: =IF(AJ42>0,AJ42*$AE42,"") | AL42: =IF(AJ42=0,AJ42*$AE42,"") | AM42: =IF(AJ42<0,AJ42*$AE42,"") -> -249.1 | AN42: -1 | AO42: =IF(AN42>0,AN42*$AE42,"") | AP42: =IF(AN42=0,AN42*$AE42,"") | AQ42: =IF(AN42<0,AN42*$AE42,"") -> -249.1 | AR42: 1 | AS42: =IF(AR42>0,AR42*$AE42,"") -> 249.1 | AT42: =IF(AR42=0,AR42*$AE42,"") | AU42: =IF(AR42<0,AR42*$AE42,"") | AV42: 0 | AW42: =IF(AV42>0,AV42*$AE42,"") | AX42: =IF(AV42=0,AV42*$AE42,"") -> 0 | AY42: =IF(AV42<0,AV42*$AE42,"") | AZ42: -1 | BA42: =IF(AZ42>0,AZ42*$AE42,"") | BB42: =IF(AZ42=0,AZ42*$AE42,"") | BC42: =IF(AZ42<0,AZ42*$AE42,"") -> -249.1
AD43: 05 | AE43: 258.1 | AF43: -1 | AG43: =IF(AF43>0,AF43*$AE43,"") | AH43: =IF(AF43=0,AF43*$AE43,"") | AI43: =IF(AF43<0,AF43*$AE43,"") -> -258.1 | AJ43: -1 | AK43: =IF(AJ43>0,AJ43*$AE43,"") | AL43: =IF(AJ43=0,AJ43*$AE43,"") | AM43: =IF(AJ43<0,AJ43*$AE43,"") -> -258.1 | AN43: -1 | AO43: =IF(AN43>0,AN43*$AE43,"") | AP43: =IF(AN43=0,AN43*$AE43,"") | AQ43: =IF(AN43<0,AN43*$AE43,"") -> -258.1 | AR43: 1 | AS43: =IF(AR43>0,AR43*$AE43,"") -> 258.1 | AT43: =IF(AR43=0,AR43*$AE43,"") | AU43: =IF(AR43<0,AR43*$AE43,"") | AV43: 1 | AW43: =IF(AV43>0,AV43*$AE43,"") -> 258.1 | AX43: =IF(AV43=0,AV43*$AE43,"") | AY43: =IF(AV43<0,AV43*$AE43,"") | AZ43: -1 | BA43: =IF(AZ43>0,AZ43*$AE43,"") | BB43: =IF(AZ43=0,AZ43*$AE43,"") | BC43: =IF(AZ43<0,AZ43*$AE43,"") -> -258.1
AD44: 06 | AE44: 251.9 | AF44: 1 | AG44: =IF(AF44>0,AF44*$AE44,"") -> 251.9 | AH44: =IF(AF44=0,AF44*$AE44,"") | AI44: =IF(AF44<0,AF44*$AE44,"") | AJ44: -1 | AK44: =IF(AJ44>0,AJ44*$AE44,"") | AL44: =IF(AJ44=0,AJ44*$AE44,"") | AM44: =IF(AJ44<0,AJ44*$AE44,"") -> -251.9 | AN44: -1 | AO44: =IF(AN44>0,AN44*$AE44,"") | AP44: =IF(AN44=0,AN44*$AE44,"") | AQ44: =IF(AN44<0,AN44*$AE44,"") -> -251.9 | AR44: -1 | AS44: =IF(AR44>0,AR44*$AE44,"") | AT44: =IF(AR44=0,AR44*$AE44,"") | AU44: =IF(AR44<0,AR44*$AE44,"") -> -251.9 | AV44: 1 | AW44: =IF(AV44>0,AV44*$AE44,"") -> 251.9 | AX44: =IF(AV44=0,AV44*$AE44,"") | AY44: =IF(AV44<0,AV44*$AE44,"") | AZ44: 1 | BA44: =IF(AZ44>0,AZ44*$AE44,"") -> 251.9 | BB44: =IF(AZ44=0,AZ44*$AE44,"") | BC44: =IF(AZ44<0,AZ44*$AE44,"")
AD45: 07 | AE45: 232.6 | AF45: 1 | AG45: =IF(AF45>0,AF45*$AE45,"") -> 232.6 | AH45: =IF(AF45=0,AF45*$AE45,"") | AI45: =IF(AF45<0,AF45*$AE45,"") | AJ45: -1 | AK45: =IF(AJ45>0,AJ45*$AE45,"") | AL45: =IF(AJ45=0,AJ45*$AE45,"") | AM45: =IF(AJ45<0,AJ45*$AE45,"") -> -232.6 | AN45: -1 | AO45: =IF(AN45>0,AN45*$AE45,"") | AP45: =IF(AN45=0,AN45*$AE45,"") | AQ45: =IF(AN45<0,AN45*$AE45,"") -> -232.6 | AR45: -1 | AS45: =IF(AR45>0,AR45*$AE45,"") | AT45: =IF(AR45=0,AR45*$AE45,"") | AU45: =IF(AR45<0,AR45*$AE45,"") -> -232.6 | AV45: 0 | AW45: =IF(AV45>0,AV45*$AE45,"") | AX45: =IF(AV45=0,AV45*$AE45,"") -> 0 | AY45: =IF(AV45<0,AV45*$AE45,"") | AZ45: 1 | BA45: =IF(AZ45>0,AZ45*$AE45,"") -> 232.6 | BB45: =IF(AZ45=0,AZ45*$AE45,"") | BC45: =IF(AZ45<0,AZ45*$AE45,"")
AD46: 08 | AE46: 202.4 | AF46: 1 | AG46: =IF(AF46>0,AF46*$AE46,"") -> 202.4 | AH46: =IF(AF46=0,AF46*$AE46,"") | AI46: =IF(AF46<0,AF46*$AE46,"") | AJ46: -1 | AK46: =IF(AJ46>0,AJ46*$AE46,"") | AL46: =IF(AJ46=0,AJ46*$AE46,"") | AM46: =IF(AJ46<0,AJ46*$AE46,"") -> -202.4 | AN46: -1 | AO46: =IF(AN46>0,AN46*$AE46,"") | AP46: =IF(AN46=0,AN46*$AE46,"") | AQ46: =IF(AN46<0,AN46*$AE46,"") -> -202.4 | AR46: -1 | AS46: =IF(AR46>0,AR46*$AE46,"") | AT46: =IF(AR46=0,AR46*$AE46,"") | AU46: =IF(AR46<0,AR46*$AE46,"") -> -202.4 | AV46: -1 | AW46: =IF(AV46>0,AV46*$AE46,"") | AX46: =IF(AV46=0,AV46*$AE46,"") | AY46: =IF(AV46<0,AV46*$AE46,"") -> -202.4 | AZ46: 1 | BA46: =IF(AZ46>0,AZ46*$AE46,"") -> 202.4 | BB46: =IF(AZ46=0,AZ46*$AE46,"") | BC46: =IF(AZ46<0,AZ46*$AE46,"")
AD47: 09 | AE47: 171.9 | AF47: 1 | AG47: =IF(AF47>0,AF47*$AE47,"") -> 171.9 | AH47: =IF(AF47=0,AF47*$AE47,"") | AI47: =IF(AF47<0,AF47*$AE47,"") | AJ47: -1 | AK47: =IF(AJ47>0,AJ47*$AE47,"") | AL47: =IF(AJ47=0,AJ47*$AE47,"") | AM47: =IF(AJ47<0,AJ47*$AE47,"") -> -171.9 | AN47: 1 | AO47: =IF(AN47>0,AN47*$AE47,"") -> 171.9 | AP47: =IF(AN47=0,AN47*$AE47,"") | AQ47: =IF(AN47<0,AN47*$AE47,"") | AR47: -1 | AS47: =IF(AR47>0,AR47*$AE47,"") | AT47: =IF(AR47=0,AR47*$AE47,"") | AU47: =IF(AR47<0,AR47*$AE47,"") -> -171.9 | AV47: -1 | AW47: =IF(AV47>0,AV47*$AE47,"") | AX47: =IF(AV47=0,AV47*$AE47,"") | AY47: =IF(AV47<0,AV47*$AE47,"") -> -171.9 | AZ47: -1 | BA47: =IF(AZ47>0,AZ47*$AE47,"") | BB47: =IF(AZ47=0,AZ47*$AE47,"") | BC47: =IF(AZ47<0,AZ47*$AE47,"") -> -171.9
AD48: 10 | AE48: 144.1 | AF48: 1 | AG48: =IF(AF48>0,AF48*$AE48,"") -> 144.1 | AH48: =IF(AF48=0,AF48*$AE48,"") | AI48: =IF(AF48<0,AF48*$AE48,"") | AJ48: -1 | AK48: =IF(AJ48>0,AJ48*$AE48,"") | AL48: =IF(AJ48=0,AJ48*$AE48,"") | AM48: =IF(AJ48<0,AJ48*$AE48,"") -> -144.1 | AN48: 1 | AO48: =IF(AN48>0,AN48*$AE48,"") -> 144.1 | AP48: =IF(AN48=0,AN48*$AE48,"") | AQ48: =IF(AN48<0,AN48*$AE48,"") | AR48: -1 | AS48: =IF(AR48>0,AR48*$AE48,"") | AT48: =IF(AR48=0,AR48*$AE48,"") | AU48: =IF(AR48<0,AR48*$AE48,"") -> -144.1 | AV48: 0 | AW48: =IF(AV48>0,AV48*$AE48,"") | AX48: =IF(AV48=0,AV48*$AE48,"") -> 0 | AY48: =IF(AV48<0,AV48*$AE48,"") | AZ48: -1 | BA48: =IF(AZ48>0,AZ48*$AE48,"") | BB48: =IF(AZ48=0,AZ48*$AE48,"") | BC48: =IF(AZ48<0,AZ48*$AE48,"") -> -144.1
AD49: 11 | AE49: 125.3 | AF49: 1 | AG49: =IF(AF49>0,AF49*$AE49,"") -> 125.3 | AH49: =IF(AF49=0,AF49*$AE49,"") | AI49: =IF(AF49<0,AF49*$AE49,"") | AJ49: -1 | AK49: =IF(AJ49>0,AJ49*$AE49,"") | AL49: =IF(AJ49=0,AJ49*$AE49,"") | AM49: =IF(AJ49<0,AJ49*$AE49,"") -> -125.3 | AN49: 1 | AO49: =IF(AN49>0,AN49*$AE49,"") -> 125.3 | AP49: =IF(AN49=0,AN49*$AE49,"") | AQ49: =IF(AN49<0,AN49*$AE49,"") | AR49: -1 | AS49: =IF(AR49>0,AR49*$AE49,"") | AT49: =IF(AR49=0,AR49*$AE49,"") | AU49: =IF(AR49<0,AR49*$AE49,"") -> -125.3 | AV49: 1 | AW49: =IF(AV49>0,AV49*$AE49,"") -> 125.3 | AX49: =IF(AV49=0,AV49*$AE49,"") | AY49: =IF(AV49<0,AV49*$AE49,"") | AZ49: -1 | BA49: =IF(AZ49>0,AZ49*$AE49,"") | BB49: =IF(AZ49=0,AZ49*$AE49,"") | BC49: =IF(AZ49<0,AZ49*$AE49,"") -> -125.3
AD50: 12 | AE50: 123.2 | AF50: 1 | AG50: =IF(AF50>0,AF50*$AE50,"") -> 123.2 | AH50: =IF(AF50=0,AF50*$AE50,"") | AI50: =IF(AF50<0,AF50*$AE50,"") | AJ50: 1 | AK50: =IF(AJ50>0,AJ50*$AE50,"") -> 123.2 | AL50: =IF(AJ50=0,AJ50*$AE50,"") | AM50: =IF(AJ50<0,AJ50*$AE50,"") | AN50: 1 | AO50: =IF(AN50>0,AN50*$AE50,"") -> 123.2 | AP50: =IF(AN50=0,AN50*$AE50,"") | AQ50: =IF(AN50<0,AN50*$AE50,"") | AR50: 1 | AS50: =IF(AR50>0,AR50*$AE50,"") -> 123.2 | AT50: =IF(AR50=0,AR50*$AE50,"") | AU50: =IF(AR50<0,AR50*$AE50,"") | AV50: 1 | AW50: =IF(AV50>0,AV50*$AE50,"") -> 123.2 | AX50: =IF(AV50=0,AV50*$AE50,"") | AY50: =IF(AV50<0,AV50*$AE50,"") | AZ50: 1 | BA50: =IF(AZ50>0,AZ50*$AE50,"") -> 123.2 | BB50: =IF(AZ50=0,AZ50*$AE50,"") | BC50: =IF(AZ50<0,AZ50*$AE50,"")
... AD61: 23 | AE61: 75.4 | AF61: -1 | AG61: =IF(AF61>0,AF61*$AE61,"") | AH61: =IF(AF61=0,AF61*$AE61,"") | AI61: =IF(AF61<0,AF61*$AE61,"") -> -75.4 | AJ61: 1 | AK61: =IF(AJ61>0,AJ61*$AE61,"") -> 75.4 | AL61: =IF(AJ61=0,AJ61*$AE61,"") | AM61: =IF(AJ61<0,AJ61*$AE61,"") | AN61: 1 | AO61: =IF(AN61>0,AN61*$AE61,"") -> 75.4 | AP61: =IF(AN61=0,AN61*$AE61,"") | AQ61: =IF(AN61<0,AN61*$AE61,"") | AR61: -1 | AS61: =IF(AR61>0,AR61*$AE61,"") | AT61: =IF(AR61=0,AR61*$AE61,"") | AU61: =IF(AR61<0,AR61*$AE61,"") -> -75.4 | AV61: 1 | AW61: =IF(AV61>0,AV61*$AE61,"") -> 75.4 | AX61: =IF(AV61=0,AV61*$AE61,"") | AY61: =IF(AV61<0,AV61*$AE61,"") | AZ61: -1 | BA61: =IF(AZ61>0,AZ61*$AE61,"") | BB61: =IF(AZ61=0,AZ61*$AE61,"") | BC61: =IF(AZ61<0,AZ61*$AE61,"") -> -75.4
AC62: =AD34 -> 44710 | AD62: Jumlah | AE62: =SUM(AE38:AE61) -> 3972.2 | AG62: =ABS(SUM(AG38:AG61)) -> 2071.2 | AI62: =ABS(SUM(AI38:AI61)) -> 1901 | AK62: =ABS(SUM(AK38:AK61)) -> 1672.1 | AM62: =ABS(SUM(AM38:AM61)) -> 2300.1 | AO62: =ABS(SUM(AO38:AO61)) -> 1553.5 | AQ62: =ABS(SUM(AQ38:AQ61)) -> 2418.7 | AS62: =ABS(SUM(AS38:AS61)) -> 2114.9 | AU62: =ABS(SUM(AU38:AU61)) -> 1857.3 | AW62: =ABS(SUM(AW38:AW61)) -> 1305.9 | AY62: =ABS(SUM(AY38:AY61)) -> 1340.5 | BA62: =ABS(SUM(BA38:BA61)) -> 2001.4 | BC62: =ABS(SUM(BC38:BC61)) -> 1970.8
AD64: =skemA1!B7 -> 44711
AD65: Jam | AE65: Tide Elev. | AF65: X1 | AJ65: Y1 | AN65: X2 | AR65: Y2 | AV65: X4 | AZ65: Y4
AF66: Multiplier Factor | AG66: Result | AJ66: Multiplier Factor | AK66: Result | AN66: Multiplier Factor | AO66: Result | AR66: Multiplier Factor | AS66: Result | AV66: Multiplier Factor | AW66: Result | AZ66: Multiplier Factor | BA66: Result
AG67: + | AH67: 0 | AI67: - | AK67: + | AL67: 0 | AM67: - | AO67: + | AP67: 0 | AQ67: - | AS67: + | AT67: 0 | AU67: - | AW67: + | AX67: 0 | AY67: - | BA67: + | BB67: 0 | BC67: -
AD68: {=TRANSPOSE($C$5:$Z$5)} -> 00 | AE68: {=TRANSPOSE(skemA1!$C$7:$Z$7)} -> 90.6 | AF68: {=TRANSPOSE($C$6:$Z$6)} -> -1 | AG68: =IF(AF68>0,AF68*$AE68,"") | AH68: =IF(AF68=0,AF68*$AE68,"") | AI68: =IF(AF68<0,AF68*$AE68,"") -> -90.6 | AJ68: {=TRANSPOSE($C$7:$Z$7)} -> -1 | AK68: =IF(AJ68>0,AJ68*$AE68,"") | AL68: =IF(AJ68=0,AJ68*$AE68,"") | AM68: =IF(AJ68<0,AJ68*$AE68,"") -> -90.6 | AN68: {=TRANSPOSE($C$8:$Z$8)} -> 1 | AO68: =IF(AN68>0,AN68*$AE68,"") -> 90.6 | AP68: =IF(AN68=0,AN68*$AE68,"") | AQ68: =IF(AN68<0,AN68*$AE68,"") | AR68: {=TRANSPOSE($C$9:$Z$9)} -> 1 | AS68: =IF(AR68>0,AR68*$AE68,"") -> 90.6 | AT68: =IF(AR68=0,AR68*$AE68,"") | AU68: =IF(AR68<0,AR68*$AE68,"") | AV68: {=TRANSPOSE($C$10:$Z$10)} -> 1 | AW68: =IF(AV68>0,AV68*$AE68,"") -> 90.6 | AX68: =IF(AV68=0,AV68*$AE68,"") | AY68: =IF(AV68<0,AV68*$AE68,"") | AZ68: {=TRANSPOSE($C$11:$Z$11)} -> 1 | BA68: =IF(AZ68>0,AZ68*$AE68,"") -> 90.6 | BB68: =IF(AZ68=0,AZ68*$AE68,"") | BC68: =IF(AZ68<0,AZ68*$AE68,"")
AD69: 01 | AE69: 123.1 | AF69: -1 | AG69: =IF(AF69>0,AF69*$AE69,"") | AH69: =IF(AF69=0,AF69*$AE69,"") | AI69: =IF(AF69<0,AF69*$AE69,"") -> -123.1 | AJ69: -1 | AK69: =IF(AJ69>0,AJ69*$AE69,"") | AL69: =IF(AJ69=0,AJ69*$AE69,"") | AM69: =IF(AJ69<0,AJ69*$AE69,"") -> -123.1 | AN69: 1 | AO69: =IF(AN69>0,AN69*$AE69,"") -> 123.1 | AP69: =IF(AN69=0,AN69*$AE69,"") | AQ69: =IF(AN69<0,AN69*$AE69,"") | AR69: 1 | AS69: =IF(AR69>0,AR69*$AE69,"") -> 123.1 | AT69: =IF(AR69=0,AR69*$AE69,"") | AU69: =IF(AR69<0,AR69*$AE69,"") | AV69: 0 | AW69: =IF(AV69>0,AV69*$AE69,"") | AX69: =IF(AV69=0,AV69*$AE69,"") -> 0 | AY69: =IF(AV69<0,AV69*$AE69,"") | AZ69: 1 | BA69: =IF(AZ69>0,AZ69*$AE69,"") -> 123.1 | BB69: =IF(AZ69=0,AZ69*$AE69,"") | BC69: =IF(AZ69<0,AZ69*$AE69,"")
AD70: 02 | AE70: 162.7 | AF70: -1 | AG70: =IF(AF70>0,AF70*$AE70,"") | AH70: =IF(AF70=0,AF70*$AE70,"") | AI70: =IF(AF70<0,AF70*$AE70,"") -> -162.7 | AJ70: -1 | AK70: =IF(AJ70>0,AJ70*$AE70,"") | AL70: =IF(AJ70=0,AJ70*$AE70,"") | AM70: =IF(AJ70<0,AJ70*$AE70,"") -> -162.7 | AN70: 1 | AO70: =IF(AN70>0,AN70*$AE70,"") -> 162.7 | AP70: =IF(AN70=0,AN70*$AE70,"") | AQ70: =IF(AN70<0,AN70*$AE70,"") | AR70: 1 | AS70: =IF(AR70>0,AR70*$AE70,"") -> 162.7 | AT70: =IF(AR70=0,AR70*$AE70,"") | AU70: =IF(AR70<0,AR70*$AE70,"") | AV70: -1 | AW70: =IF(AV70>0,AV70*$AE70,"") | AX70: =IF(AV70=0,AV70*$AE70,"") | AY70: =IF(AV70<0,AV70*$AE70,"") -> -162.7 | AZ70: 1 | BA70: =IF(AZ70>0,AZ70*$AE70,"") -> 162.7 | BB70: =IF(AZ70=0,AZ70*$AE70,"") | BC70: =IF(AZ70<0,AZ70*$AE70,"")
AD71: 03 | AE71: 205.5 | AF71: -1 | AG71: =IF(AF71>0,AF71*$AE71,"") | AH71: =IF(AF71=0,AF71*$AE71,"") | AI71: =IF(AF71<0,AF71*$AE71,"") -> -205.5 | AJ71: -1 | AK71: =IF(AJ71>0,AJ71*$AE71,"") | AL71: =IF(AJ71=0,AJ71*$AE71,"") | AM71: =IF(AJ71<0,AJ71*$AE71,"") -> -205.5 | AN71: -1 | AO71: =IF(AN71>0,AN71*$AE71,"") | AP71: =IF(AN71=0,AN71*$AE71,"") | AQ71: =IF(AN71<0,AN71*$AE71,"") -> -205.5 | AR71: 1 | AS71: =IF(AR71>0,AR71*$AE71,"") -> 205.5 | AT71: =IF(AR71=0,AR71*$AE71,"") | AU71: =IF(AR71<0,AR71*$AE71,"") | AV71: -1 | AW71: =IF(AV71>0,AV71*$AE71,"") | AX71: =IF(AV71=0,AV71*$AE71,"") | AY71: =IF(AV71<0,AV71*$AE71,"") -> -205.5 | AZ71: -1 | BA71: =IF(AZ71>0,AZ71*$AE71,"") | BB71: =IF(AZ71=0,AZ71*$AE71,"") | BC71: =IF(AZ71<0,AZ71*$AE71,"") -> -205.5
AD72: 04 | AE72: 245.6 | AF72: -1 | AG72: =IF(AF72>0,AF72*$AE72,"") | AH72: =IF(AF72=0,AF72*$AE72,"") | AI72: =IF(AF72<0,AF72*$AE72,"") -> -245.6 | AJ72: -1 | AK72: =IF(AJ72>0,AJ72*$AE72,"") | AL72: =IF(AJ72=0,AJ72*$AE72,"") | AM72: =IF(AJ72<0,AJ72*$AE72,"") -> -245.6 | AN72: -1 | AO72: =IF(AN72>0,AN72*$AE72,"") | AP72: =IF(AN72=0,AN72*$AE72,"") | AQ72: =IF(AN72<0,AN72*$AE72,"") -> -245.6 | AR72: 1 | AS72: =IF(AR72>0,AR72*$AE72,"") -> 245.6 | AT72: =IF(AR72=0,AR72*$AE72,"") | AU72: =IF(AR72<0,AR72*$AE72,"") | AV72: 0 | AW72: =IF(AV72>0,AV72*$AE72,"") | AX72: =IF(AV72=0,AV72*$AE72,"") -> 0 | AY72: =IF(AV72<0,AV72*$AE72,"") | AZ72: -1 | BA72: =IF(AZ72>0,AZ72*$AE72,"") | BB72: =IF(AZ72=0,AZ72*$AE72,"") | BC72: =IF(AZ72<0,AZ72*$AE72,"") -> -245.6
AD73: 05 | AE73: 271.4 | AF73: -1 | AG73: =IF(AF73>0,AF73*$AE73,"") | AH73: =IF(AF73=0,AF73*$AE73,"") | AI73: =IF(AF73<0,AF73*$AE73,"") -> -271.4 | AJ73: -1 | AK73: =IF(AJ73>0,AJ73*$AE73,"") | AL73: =IF(AJ73=0,AJ73*$AE73,"") | AM73: =IF(AJ73<0,AJ73*$AE73,"") -> -271.4 | AN73: -1 | AO73: =IF(AN73>0,AN73*$AE73,"") | AP73: =IF(AN73=0,AN73*$AE73,"") | AQ73: =IF(AN73<0,AN73*$AE73,"") -> -271.4 | AR73: 1 | AS73: =IF(AR73>0,AR73*$AE73,"") -> 271.4 | AT73: =IF(AR73=0,AR73*$AE73,"") | AU73: =IF(AR73<0,AR73*$AE73,"") | AV73: 1 | AW73: =IF(AV73>0,AV73*$AE73,"") -> 271.4 | AX73: =IF(AV73=0,AV73*$AE73,"") | AY73: =IF(AV73<0,AV73*$AE73,"") | AZ73: -1 | BA73: =IF(AZ73>0,AZ73*$AE73,"") | BB73: =IF(AZ73=0,AZ73*$AE73,"") | BC73: =IF(AZ73<0,AZ73*$AE73,"") -> -271.4
AD74: 06 | AE74: 272.8 | AF74: 1 | AG74: =IF(AF74>0,AF74*$AE74,"") -> 272.8 | AH74: =IF(AF74=0,AF74*$AE74,"") | AI74: =IF(AF74<0,AF74*$AE74,"") | AJ74: -1 | AK74: =IF(AJ74>0,AJ74*$AE74,"") | AL74: =IF(AJ74=0,AJ74*$AE74,"") | AM74: =IF(AJ74<0,AJ74*$AE74,"") -> -272.8 | AN74: -1 | AO74: =IF(AN74>0,AN74*$AE74,"") | AP74: =IF(AN74=0,AN74*$AE74,"") | AQ74: =IF(AN74<0,AN74*$AE74,"") -> -272.8 | AR74: -1 | AS74: =IF(AR74>0,AR74*$AE74,"") | AT74: =IF(AR74=0,AR74*$AE74,"") | AU74: =IF(AR74<0,AR74*$AE74,"") -> -272.8 | AV74: 1 | AW74: =IF(AV74>0,AV74*$AE74,"") -> 272.8 | AX74: =IF(AV74=0,AV74*$AE74,"") | AY74: =IF(AV74<0,AV74*$AE74,"") | AZ74: 1 | BA74: =IF(AZ74>0,AZ74*$AE74,"") -> 272.8 | BB74: =IF(AZ74=0,AZ74*$AE74,"") | BC74: =IF(AZ74<0,AZ74*$AE74,"")
AD75: 07 | AE75: 255.2 | AF75: 1 | AG75: =IF(AF75>0,AF75*$AE75,"") -> 255.2 | AH75: =IF(AF75=0,AF75*$AE75,"") | AI75: =IF(AF75<0,AF75*$AE75,"") | AJ75: -1 | AK75: =IF(AJ75>0,AJ75*$AE75,"") | AL75: =IF(AJ75=0,AJ75*$AE75,"") | AM75: =IF(AJ75<0,AJ75*$AE75,"") -> -255.2 | AN75: -1 | AO75: =IF(AN75>0,AN75*$AE75,"") | AP75: =IF(AN75=0,AN75*$AE75,"") | AQ75: =IF(AN75<0,AN75*$AE75,"") -> -255.2 | AR75: -1 | AS75: =IF(AR75>0,AR75*$AE75,"") | AT75: =IF(AR75=0,AR75*$AE75,"") | AU75: =IF(AR75<0,AR75*$AE75,"") -> -255.2 | AV75: 0 | AW75: =IF(AV75>0,AV75*$AE75,"") | AX75: =IF(AV75=0,AV75*$AE75,"") -> 0 | AY75: =IF(AV75<0,AV75*$AE75,"") | AZ75: 1 | BA75: =IF(AZ75>0,AZ75*$AE75,"") -> 255.2 | BB75: =IF(AZ75=0,AZ75*$AE75,"") | BC75: =IF(AZ75<0,AZ75*$AE75,"")
AD76: 08 | AE76: 222.8 | AF76: 1 | AG76: =IF(AF76>0,AF76*$AE76,"") -> 222.8 | AH76: =IF(AF76=0,AF76*$AE76,"") | AI76: =IF(AF76<0,AF76*$AE76,"") | AJ76: -1 | AK76: =IF(AJ76>0,AJ76*$AE76,"") | AL76: =IF(AJ76=0,AJ76*$AE76,"") | AM76: =IF(AJ76<0,AJ76*$AE76,"") -> -222.8 | AN76: -1 | AO76: =IF(AN76>0,AN76*$AE76,"") | AP76: =IF(AN76=0,AN76*$AE76,"") | AQ76: =IF(AN76<0,AN76*$AE76,"") -> -222.8 | AR76: -1 | AS76: =IF(AR76>0,AR76*$AE76,"") | AT76: =IF(AR76=0,AR76*$AE76,"") | AU76: =IF(AR76<0,AR76*$AE76,"") -> -222.8 | AV76: -1 | AW76: =IF(AV76>0,AV76*$AE76,"") | AX76: =IF(AV76=0,AV76*$AE76,"") | AY76: =IF(AV76<0,AV76*$AE76,"") -> -222.8 | AZ76: 1 | BA76: =IF(AZ76>0,AZ76*$AE76,"") -> 222.8 | BB76: =IF(AZ76=0,AZ76*$AE76,"") | BC76: =IF(AZ76<0,AZ76*$AE76,"")
AD77: 09 | AE77: 182.8 | AF77: 1 | AG77: =IF(AF77>0,AF77*$AE77,"") -> 182.8 | AH77: =IF(AF77=0,AF77*$AE77,"") | AI77: =IF(AF77<0,AF77*$AE77,"") | AJ77: -1 | AK77: =IF(AJ77>0,AJ77*$AE77,"") | AL77: =IF(AJ77=0,AJ77*$AE77,"") | AM77: =IF(AJ77<0,AJ77*$AE77,"") -> -182.8 | AN77: 1 | AO77: =IF(AN77>0,AN77*$AE77,"") -> 182.8 | AP77: =IF(AN77=0,AN77*$AE77,"") | AQ77: =IF(AN77<0,AN77*$AE77,"") | AR77: -1 | AS77: =IF(AR77>0,AR77*$AE77,"") | AT77: =IF(AR77=0,AR77*$AE77,"") | AU77: =IF(AR77<0,AR77*$AE77,"") -> -182.8 | AV77: -1 | AW77: =IF(AV77>0,AV77*$AE77,"") | AX77: =IF(AV77=0,AV77*$AE77,"") | AY77: =IF(AV77<0,AV77*$AE77,"") -> -182.8 | AZ77: -1 | BA77: =IF(AZ77>0,AZ77*$AE77,"") | BB77: =IF(AZ77=0,AZ77*$AE77,"") | BC77: =IF(AZ77<0,AZ77*$AE77,"") -> -182.8
AD78: 10 | AE78: 148.5 | AF78: 1 | AG78: =IF(AF78>0,AF78*$AE78,"") -> 148.5 | AH78: =IF(AF78=0,AF78*$AE78,"") | AI78: =IF(AF78<0,AF78*$AE78,"") | AJ78: -1 | AK78: =IF(AJ78>0,AJ78*$AE78,"") | AL78: =IF(AJ78=0,AJ78*$AE78,"") | AM78: =IF(AJ78<0,AJ78*$AE78,"") -> -148.5 | AN78: 1 | AO78: =IF(AN78>0,AN78*$AE78,"") -> 148.5 | AP78: =IF(AN78=0,AN78*$AE78,"") | AQ78: =IF(AN78<0,AN78*$AE78,"") | AR78: -1 | AS78: =IF(AR78>0,AR78*$AE78,"") | AT78: =IF(AR78=0,AR78*$AE78,"") | AU78: =IF(AR78<0,AR78*$AE78,"") -> -148.5 | AV78: 0 | AW78: =IF(AV78>0,AV78*$AE78,"") | AX78: =IF(AV78=0,AV78*$AE78,"") -> 0 | AY78: =IF(AV78<0,AV78*$AE78,"") | AZ78: -1 | BA78: =IF(AZ78>0,AZ78*$AE78,"") | BB78: =IF(AZ78=0,AZ78*$AE78,"") | BC78: =IF(AZ78<0,AZ78*$AE78,"") -> -148.5
AD79: 11 | AE79: 122 | AF79: 1 | AG79: =IF(AF79>0,AF79*$AE79,"") -> 122 | AH79: =IF(AF79=0,AF79*$AE79,"") | AI79: =IF(AF79<0,AF79*$AE79,"") | AJ79: -1 | AK79: =IF(AJ79>0,AJ79*$AE79,"") | AL79: =IF(AJ79=0,AJ79*$AE79,"") | AM79: =IF(AJ79<0,AJ79*$AE79,"") -> -122 | AN79: 1 | AO79: =IF(AN79>0,AN79*$AE79,"") -> 122 | AP79: =IF(AN79=0,AN79*$AE79,"") | AQ79: =IF(AN79<0,AN79*$AE79,"") | AR79: -1 | AS79: =IF(AR79>0,AR79*$AE79,"") | AT79: =IF(AR79=0,AR79*$AE79,"") | AU79: =IF(AR79<0,AR79*$AE79,"") -> -122 | AV79: 1 | AW79: =IF(AV79>0,AV79*$AE79,"") -> 122 | AX79: =IF(AV79=0,AV79*$AE79,"") | AY79: =IF(AV79<0,AV79*$AE79,"") | AZ79: -1 | BA79: =IF(AZ79>0,AZ79*$AE79,"") | BB79: =IF(AZ79=0,AZ79*$AE79,"") | BC79: =IF(AZ79<0,AZ79*$AE79,"") -> -122
AD80: 12 | AE80: 113.6 | AF80: 1 | AG80: =IF(AF80>0,AF80*$AE80,"") -> 113.6 | AH80: =IF(AF80=0,AF80*$AE80,"") | AI80: =IF(AF80<0,AF80*$AE80,"") | AJ80: 1 | AK80: =IF(AJ80>0,AJ80*$AE80,"") -> 113.6 | AL80: =IF(AJ80=0,AJ80*$AE80,"") | AM80: =IF(AJ80<0,AJ80*$AE80,"") | AN80: 1 | AO80: =IF(AN80>0,AN80*$AE80,"") -> 113.6 | AP80: =IF(AN80=0,AN80*$AE80,"") | AQ80: =IF(AN80<0,AN80*$AE80,"") | AR80: 1 | AS80: =IF(AR80>0,AR80*$AE80,"") -> 113.6 | AT80: =IF(AR80=0,AR80*$AE80,"") | AU80: =IF(AR80<0,AR80*$AE80,"") | AV80: 1 | AW80: =IF(AV80>0,AV80*$AE80,"") -> 113.6 | AX80: =IF(AV80=0,AV80*$AE80,"") | AY80: =IF(AV80<0,AV80*$AE80,"") | AZ80: 1 | BA80: =IF(AZ80>0,AZ80*$AE80,"") -> 113.6 | BB80: =IF(AZ80=0,AZ80*$AE80,"") | BC80: =IF(AZ80<0,AZ80*$AE80,"")
... AD91: 23 | AE91: 70.2 | AF91: -1 | AG91: =IF(AF91>0,AF91*$AE91,"") | AH91: =IF(AF91=0,AF91*$AE91,"") | AI91: =IF(AF91<0,AF91*$AE91,"") -> -70.2 | AJ91: 1 | AK91: =IF(AJ91>0,AJ91*$AE91,"") -> 70.2 | AL91: =IF(AJ91=0,AJ91*$AE91,"") | AM91: =IF(AJ91<0,AJ91*$AE91,"") | AN91: 1 | AO91: =IF(AN91>0,AN91*$AE91,"") -> 70.2 | AP91: =IF(AN91=0,AN91*$AE91,"") | AQ91: =IF(AN91<0,AN91*$AE91,"") | AR91: -1 | AS91: =IF(AR91>0,AR91*$AE91,"") | AT91: =IF(AR91=0,AR91*$AE91,"") | AU91: =IF(AR91<0,AR91*$AE91,"") -> -70.2 | AV91: 1 | AW91: =IF(AV91>0,AV91*$AE91,"") -> 70.2 | AX91: =IF(AV91=0,AV91*$AE91,"") | AY91: =IF(AV91<0,AV91*$AE91,"") | AZ91: -1 | BA91: =IF(AZ91>0,AZ91*$AE91,"") | BB91: =IF(AZ91=0,AZ91*$AE91,"") | BC91: =IF(AZ91<0,AZ91*$AE91,"") -> -70.2
AC92: =AD64 -> 44711 | AD92: Jumlah | AE92: =SUM(AE68:AE91) -> 3961.9 | AG92: =ABS(SUM(AG68:AG91)) -> 2108.5 | AI92: =ABS(SUM(AI68:AI91)) -> 1853.4 | AK92: =ABS(SUM(AK68:AK91)) -> 1658.9 | AM92: =ABS(SUM(AM68:AM91)) -> 2303 | AO92: =ABS(SUM(AO68:AO91)) -> 1483.4 | AQ92: =ABS(SUM(AQ68:AQ91)) -> 2478.5 | AS92: =ABS(SUM(AS68:AS91)) -> 2003.3 | AU92: =ABS(SUM(AU68:AU91)) -> 1958.6 | AW92: =ABS(SUM(AW68:AW91)) -> 1301.4 | AY92: =ABS(SUM(AY68:AY91)) -> 1335.8 | BA92: =ABS(SUM(BA68:BA91)) -> 1988.8 | BC92: =ABS(SUM(BC68:BC91)) -> 1973.1
AD94: =skemA1!B8 -> 44712
AD95: Jam | AE95: Tide Elev. | AF95: X1 | AJ95: Y1 | AN95: X2 | AR95: Y2 | AV95: X4 | AZ95: Y4
AF96: Multiplier Factor | AG96: Result | AJ96: Multiplier Factor | AK96: Result | AN96: Multiplier Factor | AO96: Result | AR96: Multiplier Factor | AS96: Result | AV96: Multiplier Factor | AW96: Result | AZ96: Multiplier Factor | BA96: Result
AG97: + | AH97: 0 | AI97: - | AK97: + | AL97: 0 | AM97: - | AO97: + | AP97: 0 | AQ97: - | AS97: + | AT97: 0 | AU97: - | AW97: + | AX97: 0 | AY97: - | BA97: + | BB97: 0 | BC97: -
AD98: {=TRANSPOSE($C$5:$Z$5)} -> 00 | AE98: {=TRANSPOSE(skemA1!$C$8:$Z$8)} -> 74.3 | AF98: {=TRANSPOSE($C$6:$Z$6)} -> -1 | AG98: =IF(AF98>0,AF98*$AE98,"") | AH98: =IF(AF98=0,AF98*$AE98,"") | AI98: =IF(AF98<0,AF98*$AE98,"") -> -74.3 | AJ98: {=TRANSPOSE($C$7:$Z$7)} -> -1 | AK98: =IF(AJ98>0,AJ98*$AE98,"") | AL98: =IF(AJ98=0,AJ98*$AE98,"") | AM98: =IF(AJ98<0,AJ98*$AE98,"") -> -74.3 | AN98: {=TRANSPOSE($C$8:$Z$8)} -> 1 | AO98: =IF(AN98>0,AN98*$AE98,"") -> 74.3 | AP98: =IF(AN98=0,AN98*$AE98,"") | AQ98: =IF(AN98<0,AN98*$AE98,"") | AR98: {=TRANSPOSE($C$9:$Z$9)} -> 1 | AS98: =IF(AR98>0,AR98*$AE98,"") -> 74.3 | AT98: =IF(AR98=0,AR98*$AE98,"") | AU98: =IF(AR98<0,AR98*$AE98,"") | AV98: {=TRANSPOSE($C$10:$Z$10)} -> 1 | AW98: =IF(AV98>0,AV98*$AE98,"") -> 74.3 | AX98: =IF(AV98=0,AV98*$AE98,"") | AY98: =IF(AV98<0,AV98*$AE98,"") | AZ98: {=TRANSPOSE($C$11:$Z$11)} -> 1 | BA98: =IF(AZ98>0,AZ98*$AE98,"") -> 74.3 | BB98: =IF(AZ98=0,AZ98*$AE98,"") | BC98: =IF(AZ98<0,AZ98*$AE98,"")
AD99: 01 | AE99: 100.9 | AF99: -1 | AG99: =IF(AF99>0,AF99*$AE99,"") | AH99: =IF(AF99=0,AF99*$AE99,"") | AI99: =IF(AF99<0,AF99*$AE99,"") -> -100.9 | AJ99: -1 | AK99: =IF(AJ99>0,AJ99*$AE99,"") | AL99: =IF(AJ99=0,AJ99*$AE99,"") | AM99: =IF(AJ99<0,AJ99*$AE99,"") -> -100.9 | AN99: 1 | AO99: =IF(AN99>0,AN99*$AE99,"") -> 100.9 | AP99: =IF(AN99=0,AN99*$AE99,"") | AQ99: =IF(AN99<0,AN99*$AE99,"") | AR99: 1 | AS99: =IF(AR99>0,AR99*$AE99,"") -> 100.9 | AT99: =IF(AR99=0,AR99*$AE99,"") | AU99: =IF(AR99<0,AR99*$AE99,"") | AV99: 0 | AW99: =IF(AV99>0,AV99*$AE99,"") | AX99: =IF(AV99=0,AV99*$AE99,"") -> 0 | AY99: =IF(AV99<0,AV99*$AE99,"") | AZ99: 1 | BA99: =IF(AZ99>0,AZ99*$AE99,"") -> 100.9 | BB99: =IF(AZ99=0,AZ99*$AE99,"") | BC99: =IF(AZ99<0,AZ99*$AE99,"")
AD100: 02 | AE100: 139.5 | AF100: -1 | AG100: =IF(AF100>0,AF100*$AE100,"") | AH100: =IF(AF100=0,AF100*$AE100,"") | AI100: =IF(AF100<0,AF100*$AE100,"") -> -139.5 | AJ100: -1 | AK100: =IF(AJ100>0,AJ100*$AE100,"") | AL100: =IF(AJ100=0,AJ100*$AE100,"") | AM100: =IF(AJ100<0,AJ100*$AE100,"") -> -139.5 | AN100: 1 | AO100: =IF(AN100>0,AN100*$AE100,"") -> 139.5 | AP100: =IF(AN100=0,AN100*$AE100,"") | AQ100: =IF(AN100<0,AN100*$AE100,"") | AR100: 1 | AS100: =IF(AR100>0,AR100*$AE100,"") -> 139.5 | AT100: =IF(AR100=0,AR100*$AE100,"") | AU100: =IF(AR100<0,AR100*$AE100,"") | AV100: -1 | AW100: =IF(AV100>0,AV100*$AE100,"") | AX100: =IF(AV100=0,AV100*$AE100,"") | AY100: =IF(AV100<0,AV100*$AE100,"") -> -139.5 | AZ100: 1 | BA100: =IF(AZ100>0,AZ100*$AE100,"") -> 139.5 | BB100: =IF(AZ100=0,AZ100*$AE100,"") | BC100: =IF(AZ100<0,AZ100*$AE100,"")
AD101: 03 | AE101: 188.4 | AF101: -1 | AG101: =IF(AF101>0,AF101*$AE101,"") | AH101: =IF(AF101=0,AF101*$AE101,"") | AI101: =IF(AF101<0,AF101*$AE101,"") -> -188.4 | AJ101: -1 | AK101: =IF(AJ101>0,AJ101*$AE101,"") | AL101: =IF(AJ101=0,AJ101*$AE101,"") | AM101: =IF(AJ101<0,AJ101*$AE101,"") -> -188.4 | AN101: -1 | AO101: =IF(AN101>0,AN101*$AE101,"") | AP101: =IF(AN101=0,AN101*$AE101,"") | AQ101: =IF(AN101<0,AN101*$AE101,"") -> -188.4 | AR101: 1 | AS101: =IF(AR101>0,AR101*$AE101,"") -> 188.4 | AT101: =IF(AR101=0,AR101*$AE101,"") | AU101: =IF(AR101<0,AR101*$AE101,"") | AV101: -1 | AW101: =IF(AV101>0,AV101*$AE101,"") | AX101: =IF(AV101=0,AV101*$AE101,"") | AY101: =IF(AV101<0,AV101*$AE101,"") -> -188.4 | AZ101: -1 | BA101: =IF(AZ101>0,AZ101*$AE101,"") | BB101: =IF(AZ101=0,AZ101*$AE101,"") | BC101: =IF(AZ101<0,AZ101*$AE101,"") -> -188.4
AD102: 04 | AE102: 235.2 | AF102: -1 | AG102: =IF(AF102>0,AF102*$AE102,"") | AH102: =IF(AF102=0,AF102*$AE102,"") | AI102: =IF(AF102<0,AF102*$AE102,"") -> -235.2 | AJ102: -1 | AK102: =IF(AJ102>0,AJ102*$AE102,"") | AL102: =IF(AJ102=0,AJ102*$AE102,"") | AM102: =IF(AJ102<0,AJ102*$AE102,"") -> -235.2 | AN102: -1 | AO102: =IF(AN102>0,AN102*$AE102,"") | AP102: =IF(AN102=0,AN102*$AE102,"") | AQ102: =IF(AN102<0,AN102*$AE102,"") -> -235.2 | AR102: 1 | AS102: =IF(AR102>0,AR102*$AE102,"") -> 235.2 | AT102: =IF(AR102=0,AR102*$AE102,"") | AU102: =IF(AR102<0,AR102*$AE102,"") | AV102: 0 | AW102: =IF(AV102>0,AV102*$AE102,"") | AX102: =IF(AV102=0,AV102*$AE102,"") -> 0 | AY102: =IF(AV102<0,AV102*$AE102,"") | AZ102: -1 | BA102: =IF(AZ102>0,AZ102*$AE102,"") | BB102: =IF(AZ102=0,AZ102*$AE102,"") | BC102: =IF(AZ102<0,AZ102*$AE102,"") -> -235.2
AD103: 05 | AE103: 269.6 | AF103: -1 | AG103: =IF(AF103>0,AF103*$AE103,"") | AH103: =IF(AF103=0,AF103*$AE103,"") | AI103: =IF(AF103<0,AF103*$AE103,"") -> -269.6 | AJ103: -1 | AK103: =IF(AJ103>0,AJ103*$AE103,"") | AL103: =IF(AJ103=0,AJ103*$AE103,"") | AM103: =IF(AJ103<0,AJ103*$AE103,"") -> -269.6 | AN103: -1 | AO103: =IF(AN103>0,AN103*$AE103,"") | AP103: =IF(AN103=0,AN103*$AE103,"") | AQ103: =IF(AN103<0,AN103*$AE103,"") -> -269.6 | AR103: 1 | AS103: =IF(AR103>0,AR103*$AE103,"") -> 269.6 | AT103: =IF(AR103=0,AR103*$AE103,"") | AU103: =IF(AR103<0,AR103*$AE103,"") | AV103: 1 | AW103: =IF(AV103>0,AV103*$AE103,"") -> 269.6 | AX103: =IF(AV103=0,AV103*$AE103,"") | AY103: =IF(AV103<0,AV103*$AE103,"") | AZ103: -1 | BA103: =IF(AZ103>0,AZ103*$AE103,"") | BB103: =IF(AZ103=0,AZ103*$AE103,"") | BC103: =IF(AZ103<0,AZ103*$AE103,"") -> -269.6
AD104: 06 | AE104: 281.5 | AF104: 1 | AG104: =IF(AF104>0,AF104*$AE104,"") -> 281.5 | AH104: =IF(AF104=0,AF104*$AE104,"") | AI104: =IF(AF104<0,AF104*$AE104,"") | AJ104: -1 | AK104: =IF(AJ104>0,AJ104*$AE104,"") | AL104: =IF(AJ104=0,AJ104*$AE104,"") | AM104: =IF(AJ104<0,AJ104*$AE104,"") -> -281.5 | AN104: -1 | AO104: =IF(AN104>0,AN104*$AE104,"") | AP104: =IF(AN104=0,AN104*$AE104,"") | AQ104: =IF(AN104<0,AN104*$AE104,"") -> -281.5 | AR104: -1 | AS104: =IF(AR104>0,AR104*$AE104,"") | AT104: =IF(AR104=0,AR104*$AE104,"") | AU104: =IF(AR104<0,AR104*$AE104,"") -> -281.5 | AV104: 1 | AW104: =IF(AV104>0,AV104*$AE104,"") -> 281.5 | AX104: =IF(AV104=0,AV104*$AE104,"") | AY104: =IF(AV104<0,AV104*$AE104,"") | AZ104: 1 | BA104: =IF(AZ104>0,AZ104*$AE104,"") -> 281.5 | BB104: =IF(AZ104=0,AZ104*$AE104,"") | BC104: =IF(AZ104<0,AZ104*$AE104,"")
AD105: 07 | AE105: 273.8 | AF105: 1 | AG105: =IF(AF105>0,AF105*$AE105,"") -> 273.8 | AH105: =IF(AF105=0,AF105*$AE105,"") | AI105: =IF(AF105<0,AF105*$AE105,"") | AJ105: -1 | AK105: =IF(AJ105>0,AJ105*$AE105,"") | AL105: =IF(AJ105=0,AJ105*$AE105,"") | AM105: =IF(AJ105<0,AJ105*$AE105,"") -> -273.8 | AN105: -1 | AO105: =IF(AN105>0,AN105*$AE105,"") | AP105: =IF(AN105=0,AN105*$AE105,"") | AQ105: =IF(AN105<0,AN105*$AE105,"") -> -273.8 | AR105: -1 | AS105: =IF(AR105>0,AR105*$AE105,"") | AT105: =IF(AR105=0,AR105*$AE105,"") | AU105: =IF(AR105<0,AR105*$AE105,"") -> -273.8 | AV105: 0 | AW105: =IF(AV105>0,AV105*$AE105,"") | AX105: =IF(AV105=0,AV105*$AE105,"") -> 0 | AY105: =IF(AV105<0,AV105*$AE105,"") | AZ105: 1 | BA105: =IF(AZ105>0,AZ105*$AE105,"") -> 273.8 | BB105: =IF(AZ105=0,AZ105*$AE105,"") | BC105: =IF(AZ105<0,AZ105*$AE105,"")
AD106: 08 | AE106: 246 | AF106: 1 | AG106: =IF(AF106>0,AF106*$AE106,"") -> 246 | AH106: =IF(AF106=0,AF106*$AE106,"") | AI106: =IF(AF106<0,AF106*$AE106,"") | AJ106: -1 | AK106: =IF(AJ106>0,AJ106*$AE106,"") | AL106: =IF(AJ106=0,AJ106*$AE106,"") | AM106: =IF(AJ106<0,AJ106*$AE106,"") -> -246 | AN106: -1 | AO106: =IF(AN106>0,AN106*$AE106,"") | AP106: =IF(AN106=0,AN106*$AE106,"") | AQ106: =IF(AN106<0,AN106*$AE106,"") -> -246 | AR106: -1 | AS106: =IF(AR106>0,AR106*$AE106,"") | AT106: =IF(AR106=0,AR106*$AE106,"") | AU106: =IF(AR106<0,AR106*$AE106,"") -> -246 | AV106: -1 | AW106: =IF(AV106>0,AV106*$AE106,"") | AX106: =IF(AV106=0,AV106*$AE106,"") | AY106: =IF(AV106<0,AV106*$AE106,"") -> -246 | AZ106: 1 | BA106: =IF(AZ106>0,AZ106*$AE106,"") -> 246 | BB106: =IF(AZ106=0,AZ106*$AE106,"") | BC106: =IF(AZ106<0,AZ106*$AE106,"")
AD107: 09 | AE107: 202.8 | AF107: 1 | AG107: =IF(AF107>0,AF107*$AE107,"") -> 202.8 | AH107: =IF(AF107=0,AF107*$AE107,"") | AI107: =IF(AF107<0,AF107*$AE107,"") | AJ107: -1 | AK107: =IF(AJ107>0,AJ107*$AE107,"") | AL107: =IF(AJ107=0,AJ107*$AE107,"") | AM107: =IF(AJ107<0,AJ107*$AE107,"") -> -202.8 | AN107: 1 | AO107: =IF(AN107>0,AN107*$AE107,"") -> 202.8 | AP107: =IF(AN107=0,AN107*$AE107,"") | AQ107: =IF(AN107<0,AN107*$AE107,"") | AR107: -1 | AS107: =IF(AR107>0,AR107*$AE107,"") | AT107: =IF(AR107=0,AR107*$AE107,"") | AU107: =IF(AR107<0,AR107*$AE107,"") -> -202.8 | AV107: -1 | AW107: =IF(AV107>0,AV107*$AE107,"") | AX107: =IF(AV107=0,AV107*$AE107,"") | AY107: =IF(AV107<0,AV107*$AE107,"") -> -202.8 | AZ107: -1 | BA107: =IF(AZ107>0,AZ107*$AE107,"") | BB107: =IF(AZ107=0,AZ107*$AE107,"") | BC107: =IF(AZ107<0,AZ107*$AE107,"") -> -202.8
AD108: 10 | AE108: 165.3 | AF108: 1 | AG108: =IF(AF108>0,AF108*$AE108,"") -> 165.3 | AH108: =IF(AF108=0,AF108*$AE108,"") | AI108: =IF(AF108<0,AF108*$AE108,"") | AJ108: -1 | AK108: =IF(AJ108>0,AJ108*$AE108,"") | AL108: =IF(AJ108=0,AJ108*$AE108,"") | AM108: =IF(AJ108<0,AJ108*$AE108,"") -> -165.3 | AN108: 1 | AO108: =IF(AN108>0,AN108*$AE108,"") -> 165.3 | AP108: =IF(AN108=0,AN108*$AE108,"") | AQ108: =IF(AN108<0,AN108*$AE108,"") | AR108: -1 | AS108: =IF(AR108>0,AR108*$AE108,"") | AT108: =IF(AR108=0,AR108*$AE108,"") | AU108: =IF(AR108<0,AR108*$AE108,"") -> -165.3 | AV108: 0 | AW108: =IF(AV108>0,AV108*$AE108,"") | AX108: =IF(AV108=0,AV108*$AE108,"") -> 0 | AY108: =IF(AV108<0,AV108*$AE108,"") | AZ108: -1 | BA108: =IF(AZ108>0,AZ108*$AE108,"") | BB108: =IF(AZ108=0,AZ108*$AE108,"") | BC108: =IF(AZ108<0,AZ108*$AE108,"") -> -165.3
AD109: 11 | AE109: 134.5 | AF109: 1 | AG109: =IF(AF109>0,AF109*$AE109,"") -> 134.5 | AH109: =IF(AF109=0,AF109*$AE109,"") | AI109: =IF(AF109<0,AF109*$AE109,"") | AJ109: -1 | AK109: =IF(AJ109>0,AJ109*$AE109,"") | AL109: =IF(AJ109=0,AJ109*$AE109,"") | AM109: =IF(AJ109<0,AJ109*$AE109,"") -> -134.5 | AN109: 1 | AO109: =IF(AN109>0,AN109*$AE109,"") -> 134.5 | AP109: =IF(AN109=0,AN109*$AE109,"") | AQ109: =IF(AN109<0,AN109*$AE109,"") | AR109: -1 | AS109: =IF(AR109>0,AR109*$AE109,"") | AT109: =IF(AR109=0,AR109*$AE109,"") | AU109: =IF(AR109<0,AR109*$AE109,"") -> -134.5 | AV109: 1 | AW109: =IF(AV109>0,AV109*$AE109,"") -> 134.5 | AX109: =IF(AV109=0,AV109*$AE109,"") | AY109: =IF(AV109<0,AV109*$AE109,"") | AZ109: -1 | BA109: =IF(AZ109>0,AZ109*$AE109,"") | BB109: =IF(AZ109=0,AZ109*$AE109,"") | BC109: =IF(AZ109<0,AZ109*$AE109,"") -> -134.5
AD110: 12 | AE110: 118 | AF110: 1 | AG110: =IF(AF110>0,AF110*$AE110,"") -> 118 | AH110: =IF(AF110=0,AF110*$AE110,"") | AI110: =IF(AF110<0,AF110*$AE110,"") | AJ110: 1 | AK110: =IF(AJ110>0,AJ110*$AE110,"") -> 118 | AL110: =IF(AJ110=0,AJ110*$AE110,"") | AM110: =IF(AJ110<0,AJ110*$AE110,"") | AN110: 1 | AO110: =IF(AN110>0,AN110*$AE110,"") -> 118 | AP110: =IF(AN110=0,AN110*$AE110,"") | AQ110: =IF(AN110<0,AN110*$AE110,"") | AR110: 1 | AS110: =IF(AR110>0,AR110*$AE110,"") -> 118 | AT110: =IF(AR110=0,AR110*$AE110,"") | AU110: =IF(AR110<0,AR110*$AE110,"") | AV110: 1 | AW110: =IF(AV110>0,AV110*$AE110,"") -> 118 | AX110: =IF(AV110=0,AV110*$AE110,"") | AY110: =IF(AV110<0,AV110*$AE110,"") | AZ110: 1 | BA110: =IF(AZ110>0,AZ110*$AE110,"") -> 118 | BB110: =IF(AZ110=0,AZ110*$AE110,"") | BC110: =IF(AZ110<0,AZ110*$AE110,"")
... AD121: 23 | AE121: 73.8 | AF121: -1 | AG121: =IF(AF121>0,AF121*$AE121,"") | AH121: =IF(AF121=0,AF121*$AE121,"") | AI121: =IF(AF121<0,AF121*$AE121,"") -> -73.8 | AJ121: 1 | AK121: =IF(AJ121>0,AJ121*$AE121,"") -> 73.8 | AL121: =IF(AJ121=0,AJ121*$AE121,"") | AM121: =IF(AJ121<0,AJ121*$AE121,"") | AN121: 1 | AO121: =IF(AN121>0,AN121*$AE121,"") -> 73.8 | AP121: =IF(AN121=0,AN121*$AE121,"") | AQ121: =IF(AN121<0,AN121*$AE121,"") | AR121: -1 | AS121: =IF(AR121>0,AR121*$AE121,"") | AT121: =IF(AR121=0,AR121*$AE121,"") | AU121: =IF(AR121<0,AR121*$AE121,"") -> -73.8 | AV121: 1 | AW121: =IF(AV121>0,AV121*$AE121,"") -> 73.8 | AX121: =IF(AV121=0,AV121*$AE121,"") | AY121: =IF(AV121<0,AV121*$AE121,"") | AZ121: -1 | BA121: =IF(AZ121>0,AZ121*$AE121,"") | BB121: =IF(AZ121=0,AZ121*$AE121,"") | BC121: =IF(AZ121<0,AZ121*$AE121,"") -> -73.8
AC122: =AD94 -> 44712 | AD122: Jumlah | AE122: =SUM(AE98:AE121) -> 3940.2 | AG122: =ABS(SUM(AG98:AG121)) -> 2154.1 | AI122: =ABS(SUM(AI98:AI121)) -> 1786.1 | AK122: =ABS(SUM(AK98:AK121)) -> 1628.4 | AM122: =ABS(SUM(AM98:AM121)) -> 2311.8 | AO122: =ABS(SUM(AO98:AO121)) -> 1468.6 | AQ122: =ABS(SUM(AQ98:AQ121)) -> 2471.6 | AS122: =ABS(SUM(AS98:AS121)) -> 1858.1 | AU122: =ABS(SUM(AU98:AU121)) -> 2082.1 | AW122: =ABS(SUM(AW98:AW121)) -> 1305.3 | AY122: =ABS(SUM(AY98:AY121)) -> 1316.8 | BA122: =ABS(SUM(BA98:BA121)) -> 1961.5 | BC122: =ABS(SUM(BC98:BC121)) -> 1978.7
AD124: =skemA1!B9 -> 44713
AD125: Jam | AE125: Tide Elev. | AF125: X1 | AJ125: Y1 | AN125: X2 | AR125: Y2 | AV125: X4 | AZ125: Y4
AF126: Multiplier Factor | AG126: Result | AJ126: Multiplier Factor | AK126: Result | AN126: Multiplier Factor | AO126: Result | AR126: Multiplier Factor | AS126: Result | AV126: Multiplier Factor | AW126: Result | AZ126: Multiplier Factor | BA126: Result
AG127: + | AH127: 0 | AI127: - | AK127: + | AL127: 0 | AM127: - | AO127: + | AP127: 0 | AQ127: - | AS127: + | AT127: 0 | AU127: - | AW127: + | AX127: 0 | AY127: - | BA127: + | BB127: 0 | BC127: -
AD128: {=TRANSPOSE($C$5:$Z$5)} -> 00 | AE128: {=TRANSPOSE(skemA1!$C$9:$Z$9)} -> 68.7 | AF128: {=TRANSPOSE($C$6:$Z$6)} -> -1 | AG128: =IF(AF128>0,AF128*$AE128,"") | AH128: =IF(AF128=0,AF128*$AE128,"") | AI128: =IF(AF128<0,AF128*$AE128,"") -> -68.7 | AJ128: {=TRANSPOSE($C$7:$Z$7)} -> -1 | AK128: =IF(AJ128>0,AJ128*$AE128,"") | AL128: =IF(AJ128=0,AJ128*$AE128,"") | AM128: =IF(AJ128<0,AJ128*$AE128,"") -> -68.7 | AN128: {=TRANSPOSE($C$8:$Z$8)} -> 1 | AO128: =IF(AN128>0,AN128*$AE128,"") -> 68.7 | AP128: =IF(AN128=0,AN128*$AE128,"") | AQ128: =IF(AN128<0,AN128*$AE128,"") | AR128: {=TRANSPOSE($C$9:$Z$9)} -> 1 | AS128: =IF(AR128>0,AR128*$AE128,"") -> 68.7 | AT128: =IF(AR128=0,AR128*$AE128,"") | AU128: =IF(AR128<0,AR128*$AE128,"") | AV128: {=TRANSPOSE($C$10:$Z$10)} -> 1 | AW128: =IF(AV128>0,AV128*$AE128,"") -> 68.7 | AX128: =IF(AV128=0,AV128*$AE128,"") | AY128: =IF(AV128<0,AV128*$AE128,"") | AZ128: {=TRANSPOSE($C$11:$Z$11)} -> 1 | BA128: =IF(AZ128>0,AZ128*$AE128,"") -> 68.7 | BB128: =IF(AZ128=0,AZ128*$AE128,"") | BC128: =IF(AZ128<0,AZ128*$AE128,"")
AD129: 01 | AE129: 86.4 | AF129: -1 | AG129: =IF(AF129>0,AF129*$AE129,"") | AH129: =IF(AF129=0,AF129*$AE129,"") | AI129: =IF(AF129<0,AF129*$AE129,"") -> -86.4 | AJ129: -1 | AK129: =IF(AJ129>0,AJ129*$AE129,"") | AL129: =IF(AJ129=0,AJ129*$AE129,"") | AM129: =IF(AJ129<0,AJ129*$AE129,"") -> -86.4 | AN129: 1 | AO129: =IF(AN129>0,AN129*$AE129,"") -> 86.4 | AP129: =IF(AN129=0,AN129*$AE129,"") | AQ129: =IF(AN129<0,AN129*$AE129,"") | AR129: 1 | AS129: =IF(AR129>0,AR129*$AE129,"") -> 86.4 | AT129: =IF(AR129=0,AR129*$AE129,"") | AU129: =IF(AR129<0,AR129*$AE129,"") | AV129: 0 | AW129: =IF(AV129>0,AV129*$AE129,"") | AX129: =IF(AV129=0,AV129*$AE129,"") -> 0 | AY129: =IF(AV129<0,AV129*$AE129,"") | AZ129: 1 | BA129: =IF(AZ129>0,AZ129*$AE129,"") -> 86.4 | BB129: =IF(AZ129=0,AZ129*$AE129,"") | BC129: =IF(AZ129<0,AZ129*$AE129,"")
AD130: 02 | AE130: 124.6 | AF130: -1 | AG130: =IF(AF130>0,AF130*$AE130,"") | AH130: =IF(AF130=0,AF130*$AE130,"") | AI130: =IF(AF130<0,AF130*$AE130,"") -> -124.6 | AJ130: -1 | AK130: =IF(AJ130>0,AJ130*$AE130,"") | AL130: =IF(AJ130=0,AJ130*$AE130,"") | AM130: =IF(AJ130<0,AJ130*$AE130,"") -> -124.6 | AN130: 1 | AO130: =IF(AN130>0,AN130*$AE130,"") -> 124.6 | AP130: =IF(AN130=0,AN130*$AE130,"") | AQ130: =IF(AN130<0,AN130*$AE130,"") | AR130: 1 | AS130: =IF(AR130>0,AR130*$AE130,"") -> 124.6 | AT130: =IF(AR130=0,AR130*$AE130,"") | AU130: =IF(AR130<0,AR130*$AE130,"") | AV130: -1 | AW130: =IF(AV130>0,AV130*$AE130,"") | AX130: =IF(AV130=0,AV130*$AE130,"") | AY130: =IF(AV130<0,AV130*$AE130,"") -> -124.6 | AZ130: 1 | BA130: =IF(AZ130>0,AZ130*$AE130,"") -> 124.6 | BB130: =IF(AZ130=0,AZ130*$AE130,"") | BC130: =IF(AZ130<0,AZ130*$AE130,"")
AD131: 03 | AE131: 170.1 | AF131: -1 | AG131: =IF(AF131>0,AF131*$AE131,"") | AH131: =IF(AF131=0,AF131*$AE131,"") | AI131: =IF(AF131<0,AF131*$AE131,"") -> -170.1 | AJ131: -1 | AK131: =IF(AJ131>0,AJ131*$AE131,"") | AL131: =IF(AJ131=0,AJ131*$AE131,"") | AM131: =IF(AJ131<0,AJ131*$AE131,"") -> -170.1 | AN131: -1 | AO131: =IF(AN131>0,AN131*$AE131,"") | AP131: =IF(AN131=0,AN131*$AE131,"") | AQ131: =IF(AN131<0,AN131*$AE131,"") -> -170.1 | AR131: 1 | AS131: =IF(AR131>0,AR131*$AE131,"") -> 170.1 | AT131: =IF(AR131=0,AR131*$AE131,"") | AU131: =IF(AR131<0,AR131*$AE131,"") | AV131: -1 | AW131: =IF(AV131>0,AV131*$AE131,"") | AX131: =IF(AV131=0,AV131*$AE131,"") | AY131: =IF(AV131<0,AV131*$AE131,"") -> -170.1 | AZ131: -1 | BA131: =IF(AZ131>0,AZ131*$AE131,"") | BB131: =IF(AZ131=0,AZ131*$AE131,"") | BC131: =IF(AZ131<0,AZ131*$AE131,"") -> -170.1
AD132: 04 | AE132: 219.3 | AF132: -1 | AG132: =IF(AF132>0,AF132*$AE132,"") | AH132: =IF(AF132=0,AF132*$AE132,"") | AI132: =IF(AF132<0,AF132*$AE132,"") -> -219.3 | AJ132: -1 | AK132: =IF(AJ132>0,AJ132*$AE132,"") | AL132: =IF(AJ132=0,AJ132*$AE132,"") | AM132: =IF(AJ132<0,AJ132*$AE132,"") -> -219.3 | AN132: -1 | AO132: =IF(AN132>0,AN132*$AE132,"") | AP132: =IF(AN132=0,AN132*$AE132,"") | AQ132: =IF(AN132<0,AN132*$AE132,"") -> -219.3 | AR132: 1 | AS132: =IF(AR132>0,AR132*$AE132,"") -> 219.3 | AT132: =IF(AR132=0,AR132*$AE132,"") | AU132: =IF(AR132<0,AR132*$AE132,"") | AV132: 0 | AW132: =IF(AV132>0,AV132*$AE132,"") | AX132: =IF(AV132=0,AV132*$AE132,"") -> 0 | AY132: =IF(AV132<0,AV132*$AE132,"") | AZ132: -1 | BA132: =IF(AZ132>0,AZ132*$AE132,"") | BB132: =IF(AZ132=0,AZ132*$AE132,"") | BC132: =IF(AZ132<0,AZ132*$AE132,"") -> -219.3
AD133: 05 | AE133: 259.5 | AF133: -1 | AG133: =IF(AF133>0,AF133*$AE133,"") | AH133: =IF(AF133=0,AF133*$AE133,"") | AI133: =IF(AF133<0,AF133*$AE133,"") -> -259.5 | AJ133: -1 | AK133: =IF(AJ133>0,AJ133*$AE133,"") | AL133: =IF(AJ133=0,AJ133*$AE133,"") | AM133: =IF(AJ133<0,AJ133*$AE133,"") -> -259.5 | AN133: -1 | AO133: =IF(AN133>0,AN133*$AE133,"") | AP133: =IF(AN133=0,AN133*$AE133,"") | AQ133: =IF(AN133<0,AN133*$AE133,"") -> -259.5 | AR133: 1 | AS133: =IF(AR133>0,AR133*$AE133,"") -> 259.5 | AT133: =IF(AR133=0,AR133*$AE133,"") | AU133: =IF(AR133<0,AR133*$AE133,"") | AV133: 1 | AW133: =IF(AV133>0,AV133*$AE133,"") -> 259.5 | AX133: =IF(AV133=0,AV133*$AE133,"") | AY133: =IF(AV133<0,AV133*$AE133,"") | AZ133: -1 | BA133: =IF(AZ133>0,AZ133*$AE133,"") | BB133: =IF(AZ133=0,AZ133*$AE133,"") | BC133: =IF(AZ133<0,AZ133*$AE133,"") -> -259.5
AD134: 06 | AE134: 281.8 | AF134: 1 | AG134: =IF(AF134>0,AF134*$AE134,"") -> 281.8 | AH134: =IF(AF134=0,AF134*$AE134,"") | AI134: =IF(AF134<0,AF134*$AE134,"") | AJ134: -1 | AK134: =IF(AJ134>0,AJ134*$AE134,"") | AL134: =IF(AJ134=0,AJ134*$AE134,"") | AM134: =IF(AJ134<0,AJ134*$AE134,"") -> -281.8 | AN134: -1 | AO134: =IF(AN134>0,AN134*$AE134,"") | AP134: =IF(AN134=0,AN134*$AE134,"") | AQ134: =IF(AN134<0,AN134*$AE134,"") -> -281.8 | AR134: -1 | AS134: =IF(AR134>0,AR134*$AE134,"") | AT134: =IF(AR134=0,AR134*$AE134,"") | AU134: =IF(AR134<0,AR134*$AE134,"") -> -281.8 | AV134: 1 | AW134: =IF(AV134>0,AV134*$AE134,"") -> 281.8 | AX134: =IF(AV134=0,AV134*$AE134,"") | AY134: =IF(AV134<0,AV134*$AE134,"") | AZ134: 1 | BA134: =IF(AZ134>0,AZ134*$AE134,"") -> 281.8 | BB134: =IF(AZ134=0,AZ134*$AE134,"") | BC134: =IF(AZ134<0,AZ134*$AE134,"")
AD135: 07 | AE135: 284 | AF135: 1 | AG135: =IF(AF135>0,AF135*$AE135,"") -> 284 | AH135: =IF(AF135=0,AF135*$AE135,"") | AI135: =IF(AF135<0,AF135*$AE135,"") | AJ135: -1 | AK135: =IF(AJ135>0,AJ135*$AE135,"") | AL135: =IF(AJ135=0,AJ135*$AE135,"") | AM135: =IF(AJ135<0,AJ135*$AE135,"") -> -284 | AN135: -1 | AO135: =IF(AN135>0,AN135*$AE135,"") | AP135: =IF(AN135=0,AN135*$AE135,"") | AQ135: =IF(AN135<0,AN135*$AE135,"") -> -284 | AR135: -1 | AS135: =IF(AR135>0,AR135*$AE135,"") | AT135: =IF(AR135=0,AR135*$AE135,"") | AU135: =IF(AR135<0,AR135*$AE135,"") -> -284 | AV135: 0 | AW135: =IF(AV135>0,AV135*$AE135,"") | AX135: =IF(AV135=0,AV135*$AE135,"") -> 0 | AY135: =IF(AV135<0,AV135*$AE135,"") | AZ135: 1 | BA135: =IF(AZ135>0,AZ135*$AE135,"") -> 284 | BB135: =IF(AZ135=0,AZ135*$AE135,"") | BC135: =IF(AZ135<0,AZ135*$AE135,"")
AD136: 08 | AE136: 265.7 | AF136: 1 | AG136: =IF(AF136>0,AF136*$AE136,"") -> 265.7 | AH136: =IF(AF136=0,AF136*$AE136,"") | AI136: =IF(AF136<0,AF136*$AE136,"") | AJ136: -1 | AK136: =IF(AJ136>0,AJ136*$AE136,"") | AL136: =IF(AJ136=0,AJ136*$AE136,"") | AM136: =IF(AJ136<0,AJ136*$AE136,"") -> -265.7 | AN136: -1 | AO136: =IF(AN136>0,AN136*$AE136,"") | AP136: =IF(AN136=0,AN136*$AE136,"") | AQ136: =IF(AN136<0,AN136*$AE136,"") -> -265.7 | AR136: -1 | AS136: =IF(AR136>0,AR136*$AE136,"") | AT136: =IF(AR136=0,AR136*$AE136,"") | AU136: =IF(AR136<0,AR136*$AE136,"") -> -265.7 | AV136: -1 | AW136: =IF(AV136>0,AV136*$AE136,"") | AX136: =IF(AV136=0,AV136*$AE136,"") | AY136: =IF(AV136<0,AV136*$AE136,"") -> -265.7 | AZ136: 1 | BA136: =IF(AZ136>0,AZ136*$AE136,"") -> 265.7 | BB136: =IF(AZ136=0,AZ136*$AE136,"") | BC136: =IF(AZ136<0,AZ136*$AE136,"")
AD137: 09 | AE137: 228.8 | AF137: 1 | AG137: =IF(AF137>0,AF137*$AE137,"") -> 228.8 | AH137: =IF(AF137=0,AF137*$AE137,"") | AI137: =IF(AF137<0,AF137*$AE137,"") | AJ137: -1 | AK137: =IF(AJ137>0,AJ137*$AE137,"") | AL137: =IF(AJ137=0,AJ137*$AE137,"") | AM137: =IF(AJ137<0,AJ137*$AE137,"") -> -228.8 | AN137: 1 | AO137: =IF(AN137>0,AN137*$AE137,"") -> 228.8 | AP137: =IF(AN137=0,AN137*$AE137,"") | AQ137: =IF(AN137<0,AN137*$AE137,"") | AR137: -1 | AS137: =IF(AR137>0,AR137*$AE137,"") | AT137: =IF(AR137=0,AR137*$AE137,"") | AU137: =IF(AR137<0,AR137*$AE137,"") -> -228.8 | AV137: -1 | AW137: =IF(AV137>0,AV137*$AE137,"") | AX137: =IF(AV137=0,AV137*$AE137,"") | AY137: =IF(AV137<0,AV137*$AE137,"") -> -228.8 | AZ137: -1 | BA137: =IF(AZ137>0,AZ137*$AE137,"") | BB137: =IF(AZ137=0,AZ137*$AE137,"") | BC137: =IF(AZ137<0,AZ137*$AE137,"") -> -228.8
AD138: 10 | AE138: 188.2 | AF138: 1 | AG138: =IF(AF138>0,AF138*$AE138,"") -> 188.2 | AH138: =IF(AF138=0,AF138*$AE138,"") | AI138: =IF(AF138<0,AF138*$AE138,"") | AJ138: -1 | AK138: =IF(AJ138>0,AJ138*$AE138,"") | AL138: =IF(AJ138=0,AJ138*$AE138,"") | AM138: =IF(AJ138<0,AJ138*$AE138,"") -> -188.2 | AN138: 1 | AO138: =IF(AN138>0,AN138*$AE138,"") -> 188.2 | AP138: =IF(AN138=0,AN138*$AE138,"") | AQ138: =IF(AN138<0,AN138*$AE138,"") | AR138: -1 | AS138: =IF(AR138>0,AR138*$AE138,"") | AT138: =IF(AR138=0,AR138*$AE138,"") | AU138: =IF(AR138<0,AR138*$AE138,"") -> -188.2 | AV138: 0 | AW138: =IF(AV138>0,AV138*$AE138,"") | AX138: =IF(AV138=0,AV138*$AE138,"") -> 0 | AY138: =IF(AV138<0,AV138*$AE138,"") | AZ138: -1 | BA138: =IF(AZ138>0,AZ138*$AE138,"") | BB138: =IF(AZ138=0,AZ138*$AE138,"") | BC138: =IF(AZ138<0,AZ138*$AE138,"") -> -188.2
AD139: 11 | AE139: 151.5 | AF139: 1 | AG139: =IF(AF139>0,AF139*$AE139,"") -> 151.5 | AH139: =IF(AF139=0,AF139*$AE139,"") | AI139: =IF(AF139<0,AF139*$AE139,"") | AJ139: -1 | AK139: =IF(AJ139>0,AJ139*$AE139,"") | AL139: =IF(AJ139=0,AJ139*$AE139,"") | AM139: =IF(AJ139<0,AJ139*$AE139,"") -> -151.5 | AN139: 1 | AO139: =IF(AN139>0,AN139*$AE139,"") -> 151.5 | AP139: =IF(AN139=0,AN139*$AE139,"") | AQ139: =IF(AN139<0,AN139*$AE139,"") | AR139: -1 | AS139: =IF(AR139>0,AR139*$AE139,"") | AT139: =IF(AR139=0,AR139*$AE139,"") | AU139: =IF(AR139<0,AR139*$AE139,"") -> -151.5 | AV139: 1 | AW139: =IF(AV139>0,AV139*$AE139,"") -> 151.5 | AX139: =IF(AV139=0,AV139*$AE139,"") | AY139: =IF(AV139<0,AV139*$AE139,"") | AZ139: -1 | BA139: =IF(AZ139>0,AZ139*$AE139,"") | BB139: =IF(AZ139=0,AZ139*$AE139,"") | BC139: =IF(AZ139<0,AZ139*$AE139,"") -> -151.5
AD140: 12 | AE140: 127 | AF140: 1 | AG140: =IF(AF140>0,AF140*$AE140,"") -> 127 | AH140: =IF(AF140=0,AF140*$AE140,"") | AI140: =IF(AF140<0,AF140*$AE140,"") | AJ140: 1 | AK140: =IF(AJ140>0,AJ140*$AE140,"") -> 127 | AL140: =IF(AJ140=0,AJ140*$AE140,"") | AM140: =IF(AJ140<0,AJ140*$AE140,"") | AN140: 1 | AO140: =IF(AN140>0,AN140*$AE140,"") -> 127 | AP140: =IF(AN140=0,AN140*$AE140,"") | AQ140: =IF(AN140<0,AN140*$AE140,"") | AR140: 1 | AS140: =IF(AR140>0,AR140*$AE140,"") -> 127 | AT140: =IF(AR140=0,AR140*$AE140,"") | AU140: =IF(AR140<0,AR140*$AE140,"") | AV140: 1 | AW140: =IF(AV140>0,AV140*$AE140,"") -> 127 | AX140: =IF(AV140=0,AV140*$AE140,"") | AY140: =IF(AV140<0,AV140*$AE140,"") | AZ140: 1 | BA140: =IF(AZ140>0,AZ140*$AE140,"") -> 127 | BB140: =IF(AZ140=0,AZ140*$AE140,"") | BC140: =IF(AZ140<0,AZ140*$AE140,"")
... AD151: 23 | AE151: 76.2 | AF151: -1 | AG151: =IF(AF151>0,AF151*$AE151,"") | AH151: =IF(AF151=0,AF151*$AE151,"") | AI151: =IF(AF151<0,AF151*$AE151,"") -> -76.2 | AJ151: 1 | AK151: =IF(AJ151>0,AJ151*$AE151,"") -> 76.2 | AL151: =IF(AJ151=0,AJ151*$AE151,"") | AM151: =IF(AJ151<0,AJ151*$AE151,"") | AN151: 1 | AO151: =IF(AN151>0,AN151*$AE151,"") -> 76.2 | AP151: =IF(AN151=0,AN151*$AE151,"") | AQ151: =IF(AN151<0,AN151*$AE151,"") | AR151: -1 | AS151: =IF(AR151>0,AR151*$AE151,"") | AT151: =IF(AR151=0,AR151*$AE151,"") | AU151: =IF(AR151<0,AR151*$AE151,"") -> -76.2 | AV151: 1 | AW151: =IF(AV151>0,AV151*$AE151,"") -> 76.2 | AX151: =IF(AV151=0,AV151*$AE151,"") | AY151: =IF(AV151<0,AV151*$AE151,"") | AZ151: -1 | BA151: =IF(AZ151>0,AZ151*$AE151,"") | BB151: =IF(AZ151=0,AZ151*$AE151,"") | BC151: =IF(AZ151<0,AZ151*$AE151,"") -> -76.2
AC152: =AD124 -> 44713 | AD152: Jumlah | AE152: =SUM(AE128:AE151) -> 3986.1 | AG152: =ABS(SUM(AG128:AG151)) -> 2241.7 | AI152: =ABS(SUM(AI128:AI151)) -> 1744.4 | AK152: =ABS(SUM(AK128:AK151)) -> 1657.5 | AM152: =ABS(SUM(AM128:AM151)) -> 2328.6 | AO152: =ABS(SUM(AO128:AO151)) -> 1516.6 | AQ152: =ABS(SUM(AQ128:AQ151)) -> 2469.5 | AS152: =ABS(SUM(AS128:AS151)) -> 1770.3 | AU152: =ABS(SUM(AU128:AU151)) -> 2215.8 | AW152: =ABS(SUM(AW128:AW151)) -> 1327 | AY152: =ABS(SUM(AY128:AY151)) -> 1334.1 | BA152: =ABS(SUM(BA128:BA151)) -> 1991.4 | BC152: =ABS(SUM(BC128:BC151)) -> 1994.7
AD154: =skemA1!B10 -> 44714
...

Sheet skemA2
B1: Skema 2 : Penyusunan hasil penghitungan harga X1, Y1, X2, Y2, X4 dan Y4
B3: Waktu | C3: X0 | D3: X1 | F3: Y1 | H3: X2 | J3: Y2 | L3: X4 | N3: Y4
B4: Tgl | D4: + | E4: - | F4: + | G4: - | H4: + | I4: - | J4: + | K4: - | L4: + | M4: - | N4: + | O4: -
B5: =skemA1!B5 -> 44709 | C5: =VLOOKUP($B5,'Tabel 2'!$AC$4:$BC$872,3,) -> 4095.7 | D5: =VLOOKUP($B5,'Tabel 2'!$AC$4:$BC$872,5,) -> 2121.7 | E5: =VLOOKUP($B5,'Tabel 2'!$AC$4:$BC$872,7,) -> 1974 | F5: =VLOOKUP($B5,'Tabel 2'!$AC$4:$BC$872,9,) -> 1812.5 | G5: =VLOOKUP($B5,'Tabel 2'!$AC$4:$BC$872,11,) -> 2283.2 | H5: =VLOOKUP($B5,'Tabel 2'!$AC$4:$BC$872,13,) -> 1722.3 | I5: =VLOOKUP($B5,'Tabel 2'!$AC$4:$BC$872,15,) -> 2373.4 | J5: =VLOOKUP($B5,'Tabel 2'!$AC$4:$BC$872,17,) -> 2251.5 | K5: =VLOOKUP($B5,'Tabel 2'!$AC$4:$BC$872,19,) -> 1844.2 | L5: =VLOOKUP($B5,'Tabel 2'!$AC$4:$BC$872,21,) -> 1350.5 | M5: =VLOOKUP($B5,'Tabel 2'!$AC$4:$BC$872,23,) -> 1380.3 | N5: =VLOOKUP($B5,'Tabel 2'!$AC$4:$BC$872,25,) -> 2063.9 | O5: =VLOOKUP($B5,'Tabel 2'!$AC$4:$BC$872,27,) -> 2031.8
B6: =skemA1!B6 -> 44710 | C6: =VLOOKUP($B6,'Tabel 2'!$AC$4:$BC$872,3,) -> 3972.2 | D6: =VLOOKUP($B6,'Tabel 2'!$AC$4:$BC$872,5,) -> 2071.2 | E6: =VLOOKUP($B6,'Tabel 2'!$AC$4:$BC$872,7,) -> 1901 | F6: =VLOOKUP($B6,'Tabel 2'!$AC$4:$BC$872,9,) -> 1672.1 | G6: =VLOOKUP($B6,'Tabel 2'!$AC$4:$BC$872,11,) -> 2300.1 | H6: =VLOOKUP($B6,'Tabel 2'!$AC$4:$BC$872,13,) -> 1553.5 | I6: =VLOOKUP($B6,'Tabel 2'!$AC$4:$BC$872,15,) -> 2418.7 | J6: =VLOOKUP($B6,'Tabel 2'!$AC$4:$BC$872,17,) -> 2114.9 | K6: =VLOOKUP($B6,'Tabel 2'!$AC$4:$BC$872,19,) -> 1857.3 | L6: =VLOOKUP($B6,'Tabel 2'!$AC$4:$BC$872,21,) -> 1305.9 | M6: =VLOOKUP($B6,'Tabel 2'!$AC$4:$BC$872,23,) -> 1340.5 | N6: =VLOOKUP($B6,'Tabel 2'!$AC$4:$BC$872,25,) -> 2001.4 | O6: =VLOOKUP($B6,'Tabel 2'!$AC$4:$BC$872,27,) -> 1970.8
B7: =skemA1!B7 -> 44711 | C7: =VLOOKUP($B7,'Tabel 2'!$AC$4:$BC$872,3,) -> 3961.9 | D7: =VLOOKUP($B7,'Tabel 2'!$AC$4:$BC$872,5,) -> 2108.5 | E7: =VLOOKUP($B7,'Tabel 2'!$AC$4:$BC$872,7,) -> 1853.4 | F7: =VLOOKUP($B7,'Tabel 2'!$AC$4:$BC$872,9,) -> 1658.9 | G7: =VLOOKUP($B7,'Tabel 2'!$AC$4:$BC$872,11,) -> 2303 | H7: =VLOOKUP($B7,'Tabel 2'!$AC$4:$BC$872,13,) -> 1483.4 | I7: =VLOOKUP($B7,'Tabel 2'!$AC$4:$BC$872,15,) -> 2478.5 | J7: =VLOOKUP($B7,'Tabel 2'!$AC$4:$BC$872,17,) -> 2003.3 | K7: =VLOOKUP($B7,'Tabel 2'!$AC$4:$BC$872,19,) -> 1958.6 | L7: =VLOOKUP($B7,'Tabel 2'!$AC$4:$BC$872,21,) -> 1301.4 | M7: =VLOOKUP($B7,'Tabel 2'!$AC$4:$BC$872,23,) -> 1335.8 | N7: =VLOOKUP($B7,'Tabel 2'!$AC$4:$BC$872,25,) -> 1988.8 | O7: =VLOOKUP($B7,'Tabel 2'!$AC$4:$BC$872,27,) -> 1973.1
B8: =skemA1!B8 -> 44712 | C8: =VLOOKUP($B8,'Tabel 2'!$AC$4:$BC$872,3,) -> 3940.2 | D8: =VLOOKUP($B8,'Tabel 2'!$AC$4:$BC$872,5,) -> 2154.1 | E8: =VLOOKUP($B8,'Tabel 2'!$AC$4:$BC$872,7,) -> 1786.1 | F8: =VLOOKUP($B8,'Tabel 2'!$AC$4:$BC$872,9,) -> 1628.4 | G8: =VLOOKUP($B8,'Tabel 2'!$AC$4:$BC$872,11,) -> 2311.8 | H8: =VLOOKUP($B8,'Tabel 2'!$AC$4:$BC$872,13,) -> 1468.6 | I8: =VLOOKUP($B8,'Tabel 2'!$AC$4:$BC$872,15,) -> 2471.6 | J8: =VLOOKUP($B8,'Tabel 2'!$AC$4:$BC$872,17,) -> 1858.1 | K8: =VLOOKUP($B8,'Tabel 2'!$AC$4:$BC$872,19,) -> 2082.1 | L8: =VLOOKUP($B8,'Tabel 2'!$AC$4:$BC$872,21,) -> 1305.3 | M8: =VLOOKUP($B8,'Tabel 2'!$AC$4:$BC$872,23,) -> 1316.8 | N8: =VLOOKUP($B8,'Tabel 2'!$AC$4:$BC$872,25,) -> 1961.5 | O8: =VLOOKUP($B8,'Tabel 2'!$AC$4:$BC$872,27,) -> 1978.7
B9: =skemA1!B9 -> 44713 | C9: =VLOOKUP($B9,'Tabel 2'!$AC$4:$BC$872,3,) -> 3986.1 | D9: =VLOOKUP($B9,'Tabel 2'!$AC$4:$BC$872,5,) -> 2241.7 | E9: =VLOOKUP($B9,'Tabel 2'!$AC$4:$BC$872,7,) -> 1744.4 | F9: =VLOOKUP($B9,'Tabel 2'!$AC$4:$BC$872,9,) -> 1657.5 | G9: =VLOOKUP($B9,'Tabel 2'!$AC$4:$BC$872,11,) -> 2328.6 | H9: =VLOOKUP($B9,'Tabel 2'!$AC$4:$BC$872,13,) -> 1516.6 | I9: =VLOOKUP($B9,'Tabel 2'!$AC$4:$BC$872,15,) -> 2469.5 | J9: =VLOOKUP($B9,'Tabel 2'!$AC$4:$BC$872,17,) -> 1770.3 | K9: =VLOOKUP($B9,'Tabel 2'!$AC$4:$BC$872,19,) -> 2215.8 | L9: =VLOOKUP($B9,'Tabel 2'!$AC$4:$BC$872,21,) -> 1327 | M9: =VLOOKUP($B9,'Tabel 2'!$AC$4:$BC$872,23,) -> 1334.1 | N9: =VLOOKUP($B9,'Tabel 2'!$AC$4:$BC$872,25,) -> 1991.4 | O9: =VLOOKUP($B9,'Tabel 2'!$AC$4:$BC$872,27,) -> 1994.7
B10: =skemA1!B10 -> 44714 | C10: =VLOOKUP($B10,'Tabel 2'!$AC$4:$BC$872,3,) -> 4046.7 | D10: =VLOOKUP($B10,'Tabel 2'!$AC$4:$BC$872,5,) -> 2337.7 | E10: =VLOOKUP($B10,'Tabel 2'!$AC$4:$BC$872,7,) -> 1709 | F10: =VLOOKUP($B10,'Tabel 2'!$AC$4:$BC$872,9,) -> 1734.4 | G10: =VLOOKUP($B10,'Tabel 2'!$AC$4:$BC$872,11,) -> 2312.3 | H10: =VLOOKUP($B10,'Tabel 2'!$AC$4:$BC$872,13,) -> 1623.1 | I10: =VLOOKUP($B10,'Tabel 2'!$AC$4:$BC$872,15,) -> 2423.6 | J10: =VLOOKUP($B10,'Tabel 2'!$AC$4:$BC$872,17,) -> 1704.6 | K10: =VLOOKUP($B10,'Tabel 2'!$AC$4:$BC$872,19,) -> 2342.1 | L10: =VLOOKUP($B10,'Tabel 2'!$AC$4:$BC$872,21,) -> 1350.2 | M10: =VLOOKUP($B10,'Tabel 2'!$AC$4:$BC$872,23,) -> 1347 | N10: =VLOOKUP($B10,'Tabel 2'!$AC$4:$BC$872,25,) -> 1997 | O10: =VLOOKUP($B10,'Tabel 2'!$AC$4:$BC$872,27,) -> 2049.7
B11: =skemA1!B11 -> 44715 | C11: =VLOOKUP($B11,'Tabel 2'!$AC$4:$BC$872,3,) -> 4026.3 | D11: =VLOOKUP($B11,'Tabel 2'!$AC$4:$BC$872,5,) -> 2358.9 | E11: =VLOOKUP($B11,'Tabel 2'!$AC$4:$BC$872,7,) -> 1667.4 | F11: =VLOOKUP($B11,'Tabel 2'!$AC$4:$BC$872,9,) -> 1773.7 | G11: =VLOOKUP($B11,'Tabel 2'!$AC$4:$BC$872,11,) -> 2252.6 | H11: =VLOOKUP($B11,'Tabel 2'!$AC$4:$BC$872,13,) -> 1715.6 | I11: =VLOOKUP($B11,'Tabel 2'!$AC$4:$BC$872,15,) -> 2310.7 | J11: =VLOOKUP($B11,'Tabel 2'!$AC$4:$BC$872,17,) -> 1643.3 | K11: =VLOOKUP($B11,'Tabel 2'!$AC$4:$BC$872,19,) -> 2383 | L11: =VLOOKUP($B11,'Tabel 2'!$AC$4:$BC$872,21,) -> 1340.3 | M11: =VLOOKUP($B11,'Tabel 2'!$AC$4:$BC$872,23,) -> 1341.1 | N11: =VLOOKUP($B11,'Tabel 2'!$AC$4:$BC$872,25,) -> 1993.8 | O11: =VLOOKUP($B11,'Tabel 2'!$AC$4:$BC$872,27,) -> 2032.5
B12: =skemA1!B12 -> 44716 | C12: =VLOOKUP($B12,'Tabel 2'!$AC$4:$BC$872,3,) -> 3981.55 | D12: =VLOOKUP($B12,'Tabel 2'!$AC$4:$BC$872,5,) -> 2332.75 | E12: =VLOOKUP($B12,'Tabel 2'!$AC$4:$BC$872,7,) -> 1648.8 | F12: =VLOOKUP($B12,'Tabel 2'!$AC$4:$BC$872,9,) -> 1818.25 | G12: =VLOOKUP($B12,'Tabel 2'!$AC$4:$BC$872,11,) -> 2163.3 | H12: =VLOOKUP($B12,'Tabel 2'!$AC$4:$BC$872,13,) -> 1782.85 | I12: =VLOOKUP($B12,'Tabel 2'!$AC$4:$BC$872,15,) -> 2198.7 | J12: =VLOOKUP($B12,'Tabel 2'!$AC$4:$BC$872,17,) -> 1584.85 | K12: =VLOOKUP($B12,'Tabel 2'!$AC$4:$BC$872,19,) -> 2396.7 | L12: =VLOOKUP($B12,'Tabel 2'!$AC$4:$BC$872,21,) -> 1329.7 | M12: =VLOOKUP($B12,'Tabel 2'!$AC$4:$BC$872,23,) -> 1327.4 | N12: =VLOOKUP($B12,'Tabel 2'!$AC$4:$BC$872,25,) -> 1981.95 | O12: =VLOOKUP($B12,'Tabel 2'!$AC$4:$BC$872,27,) -> 1999.6
B13: =skemA1!B13 -> 44717 | C13: =VLOOKUP($B13,'Tabel 2'!$AC$4:$BC$872,3,) -> 4007.1 | D13: =VLOOKUP($B13,'Tabel 2'!$AC$4:$BC$872,5,) -> 2354.5 | E13: =VLOOKUP($B13,'Tabel 2'!$AC$4:$BC$872,7,) -> 1652.6 | F13: =VLOOKUP($B13,'Tabel 2'!$AC$4:$BC$872,9,) -> 1900.3 | G13: =VLOOKUP($B13,'Tabel 2'!$AC$4:$BC$872,11,) -> 2106.8 | H13: =VLOOKUP($B13,'Tabel 2'!$AC$4:$BC$872,13,) -> 1879.8 | I13: =VLOOKUP($B13,'Tabel 2'!$AC$4:$BC$872,15,) -> 2127.3 | J13: =VLOOKUP($B13,'Tabel 2'!$AC$4:$BC$872,17,) -> 1609.9 | K13: =VLOOKUP($B13,'Tabel 2'!$AC$4:$BC$872,19,) -> 2397.2 | L13: =VLOOKUP($B13,'Tabel 2'!$AC$4:$BC$872,21,) -> 1336.4 | M13: =VLOOKUP($B13,'Tabel 2'!$AC$4:$BC$872,23,) -> 1334.9 | N13: =VLOOKUP($B13,'Tabel 2'!$AC$4:$BC$872,25,) -> 1986.2 | O13: =VLOOKUP($B13,'Tabel 2'!$AC$4:$BC$872,27,) -> 2020.9
B14: =skemA1!B14 -> 44718 | C14: =VLOOKUP($B14,'Tabel 2'!$AC$4:$BC$872,3,) -> 4012.6 | D14: =VLOOKUP($B14,'Tabel 2'!$AC$4:$BC$872,5,) -> 2331.6 | E14: =VLOOKUP($B14,'Tabel 2'!$AC$4:$BC$872,7,) -> 1681 | F14: =VLOOKUP($B14,'Tabel 2'!$AC$4:$BC$872,9,) -> 1968.9 | G14: =VLOOKUP($B14,'Tabel 2'!$AC$4:$BC$872,11,) -> 2043.7 | H14: =VLOOKUP($B14,'Tabel 2'!$AC$4:$BC$872,13,) -> 1965.6 | I14: =VLOOKUP($B14,'Tabel 2'!$AC$4:$BC$872,15,) -> 2047 | J14: =VLOOKUP($B14,'Tabel 2'!$AC$4:$BC$872,17,) -> 1653.9 | K14: =VLOOKUP($B14,'Tabel 2'!$AC$4:$BC$872,19,) -> 2358.7 | L14: =VLOOKUP($B14,'Tabel 2'!$AC$4:$BC$872,21,) -> 1343.5 | M14: =VLOOKUP($B14,'Tabel 2'!$AC$4:$BC$872,23,) -> 1333.5 | N14: =VLOOKUP($B14,'Tabel 2'!$AC$4:$BC$872,25,) -> 1994.7 | O14: =VLOOKUP($B14,'Tabel 2'!$AC$4:$BC$872,27,) -> 2017.9
B15: =skemA1!B15 -> 44719 | C15: =VLOOKUP($B15,'Tabel 2'!$AC$4:$BC$872,3,) -> 4016.7 | D15: =VLOOKUP($B15,'Tabel 2'!$AC$4:$BC$872,5,) -> 2286.8 | E15: =VLOOKUP($B15,'Tabel 2'!$AC$4:$BC$872,7,) -> 1729.9 | F15: =VLOOKUP($B15,'Tabel 2'!$AC$4:$BC$872,9,) -> 1998.7 | G15: =VLOOKUP($B15,'Tabel 2'!$AC$4:$BC$872,11,) -> 2018 | H15: =VLOOKUP($B15,'Tabel 2'!$AC$4:$BC$872,13,) -> 2028.1 | I15: =VLOOKUP($B15,'Tabel 2'!$AC$4:$BC$872,15,) -> 1988.6 | J15: =VLOOKUP($B15,'Tabel 2'!$AC$4:$BC$872,17,) -> 1725.4 | K15: =VLOOKUP($B15,'Tabel 2'!$AC$4:$BC$872,19,) -> 2291.3 | L15: =VLOOKUP($B15,'Tabel 2'!$AC$4:$BC$872,21,) -> 1338.7 | M15: =VLOOKUP($B15,'Tabel 2'!$AC$4:$BC$872,23,) -> 1339.8 | N15: =VLOOKUP($B15,'Tabel 2'!$AC$4:$BC$872,25,) -> 2004.4 | O15: =VLOOKUP($B15,'Tabel 2'!$AC$4:$BC$872,27,) -> 2012.3
B16: =skemA1!B16 -> 44720 | C16: =VLOOKUP($B16,'Tabel 2'!$AC$4:$BC$872,3,) -> 4016.7 | D16: =VLOOKUP($B16,'Tabel 2'!$AC$4:$BC$872,5,) -> 2224.5 | E16: =VLOOKUP($B16,'Tabel 2'!$AC$4:$BC$872,7,) -> 1792.2 | F16: =VLOOKUP($B16,'Tabel 2'!$AC$4:$BC$872,9,) -> 2025.5 | G16: =VLOOKUP($B16,'Tabel 2'!$AC$4:$BC$872,11,) -> 1991.2 | H16: =VLOOKUP($B16,'Tabel 2'!$AC$4:$BC$872,13,) -> 2071.6 | I16: =VLOOKUP($B16,'Tabel 2'!$AC$4:$BC$872,15,) -> 1945.1 | J16: =VLOOKUP($B16,'Tabel 2'!$AC$4:$BC$872,17,) -> 1839.1 | K16: =VLOOKUP($B16,'Tabel 2'!$AC$4:$BC$872,19,) -> 2177.6 | L16: =VLOOKUP($B16,'Tabel 2'!$AC$4:$BC$872,21,) -> 1334.2 | M16: =VLOOKUP($B16,'Tabel 2'!$AC$4:$BC$872,23,) -> 1345.5 | N16: =VLOOKUP($B16,'Tabel 2'!$AC$4:$BC$872,25,) -> 2004.4 | O16: =VLOOKUP($B16,'Tabel 2'!$AC$4:$BC$872,27,) -> 2012.3
... B33: =skemA1!B33 -> 44737 | C33: =VLOOKUP($B33,'Tabel 2'!$AC$4:$BC$872,3,) -> 3886.7 | D33: =VLOOKUP($B33,'Tabel 2'!$AC$4:$BC$872,5,) -> 1998.7 | E33: =VLOOKUP($B33,'Tabel 2'!$AC$4:$BC$872,7,) -> 1888 | F33: =VLOOKUP($B33,'Tabel 2'!$AC$4:$BC$872,9,) -> 1669.4 | G33: =VLOOKUP($B33,'Tabel 2'!$AC$4:$BC$872,11,) -> 2217.3 | H33: =VLOOKUP($B33,'Tabel 2'!$AC$4:$BC$872,13,) -> 1927.8 | I33: =VLOOKUP($B33,'Tabel 2'!$AC$4:$BC$872,15,) -> 1958.9 | J33: =VLOOKUP($B33,'Tabel 2'!$AC$4:$BC$872,17,) -> 2116.6 | K33: =VLOOKUP($B33,'Tabel 2'!$AC$4:$BC$872,19,) -> 1770.1 | L33: =VLOOKUP($B33,'Tabel 2'!$AC$4:$BC$872,21,) -> 1294.4 | M33: =VLOOKUP($B33,'Tabel 2'!$AC$4:$BC$872,23,) -> 1300.1 | N33: =VLOOKUP($B33,'Tabel 2'!$AC$4:$BC$872,25,) -> 1966.5 | O33: =VLOOKUP($B33,'Tabel 2'!$AC$4:$BC$872,27,) -> 1920.2
D40: +
D41: 3125.5
D42: 3149.1
D43: 3202.3

Sheet skemA3
B1: Tabel 5. Penyusunan hasil perhitungan harga X dan Y indeks ke satu dari Skema 3
B3: Waktu | C3: X0 | D3: X1 | E3: Y1 | F3: X2 | G3: Y2 | H3: X4 | I3: Y4
B4: Tgl
B5: =skemA2!B5 -> 44709 | C5: =skemA2!C5 -> 4095.7 | D5: =skemA2!D5-skemA2!E5 -> 147.7 | E5: =skemA2!F5-skemA2!G5 -> -470.7 | F5: =skemA2!H5-skemA2!I5 -> -651.1 | G5: =skemA2!J5-skemA2!K5 -> 407.3 | H5: =skemA2!L5-skemA2!M5 -> -29.8 | I5: =skemA2!N5-skemA2!O5 -> 32.1
B6: =skemA2!B6 -> 44710 | C6: =skemA2!C6 -> 3972.2 | D6: =skemA2!D6-skemA2!E6 -> 170.2 | E6: =skemA2!F6-skemA2!G6 -> -628 | F6: =skemA2!H6-skemA2!I6 -> -865.2 | G6: =skemA2!J6-skemA2!K6 -> 257.6 | H6: =skemA2!L6-skemA2!M6 -> -34.6 | I6: =skemA2!N6-skemA2!O6 -> 30.6
B7: =skemA2!B7 -> 44711 | C7: =skemA2!C7 -> 3961.9 | D7: =skemA2!D7-skemA2!E7 -> 255.1 | E7: =skemA2!F7-skemA2!G7 -> -644.1 | F7: =skemA2!H7-skemA2!I7 -> -995.1 | G7: =skemA2!J7-skemA2!K7 -> 44.7 | H7: =skemA2!L7-skemA2!M7 -> -34.4 | I7: =skemA2!N7-skemA2!O7 -> 15.7
B8: =skemA2!B8 -> 44712 | C8: =skemA2!C8 -> 3940.2 | D8: =skemA2!D8-skemA2!E8 -> 368 | E8: =skemA2!F8-skemA2!G8 -> -683.4 | F8: =skemA2!H8-skemA2!I8 -> -1003 | G8: =skemA2!J8-skemA2!K8 -> -224 | H8: =skemA2!L8-skemA2!M8 -> -11.5 | I8: =skemA2!N8-skemA2!O8 -> -17.2
B9: =skemA2!B9 -> 44713 | C9: =skemA2!C9 -> 3986.1 | D9: =skemA2!D9-skemA2!E9 -> 497.3 | E9: =skemA2!F9-skemA2!G9 -> -671.1 | F9: =skemA2!H9-skemA2!I9 -> -952.9 | G9: =skemA2!J9-skemA2!K9 -> -445.5 | H9: =skemA2!L9-skemA2!M9 -> -7.1 | I9: =skemA2!N9-skemA2!O9 -> -3.3
B10: =skemA2!B10 -> 44714 | C10: =skemA2!C10 -> 4046.7 | D10: =skemA2!D10-skemA2!E10 -> 628.7 | E10: =skemA2!F10-skemA2!G10 -> -577.9 | F10: =skemA2!H10-skemA2!I10 -> -800.5 | G10: =skemA2!J10-skemA2!K10 -> -637.5 | H10: =skemA2!L10-skemA2!M10 -> 3.2 | I10: =skemA2!N10-skemA2!O10 -> -52.7
B11: =skemA2!B11 -> 44715 | C11: =skemA2!C11 -> 4026.3 | D11: =skemA2!D11-skemA2!E11 -> 691.5 | E11: =skemA2!F11-skemA2!G11 -> -478.9 | F11: =skemA2!H11-skemA2!I11 -> -595.1 | G11: =skemA2!J11-skemA2!K11 -> -739.7 | H11: =skemA2!L11-skemA2!M11 -> -0.8 | I11: =skemA2!N11-skemA2!O11 -> -38.7
B12: =skemA2!B12 -> 44716 | C12: =skemA2!C12 -> 3981.55 | D12: =skemA2!D12-skemA2!E12 -> 683.95 | E12: =skemA2!F12-skemA2!G12 -> -345.05 | F12: =skemA2!H12-skemA2!I12 -> -415.85 | G12: =skemA2!J12-skemA2!K12 -> -811.85 | H12: =skemA2!L12-skemA2!M12 -> 2.3 | I12: =skemA2!N12-skemA2!O12 -> -17.65
B13: =skemA2!B13 -> 44717 | C13: =skemA2!C13 -> 4007.1 | D13: =skemA2!D13-skemA2!E13 -> 701.9 | E13: =skemA2!F13-skemA2!G13 -> -206.5 | F13: =skemA2!H13-skemA2!I13 -> -247.5 | G13: =skemA2!J13-skemA2!K13 -> -787.3 | H13: =skemA2!L13-skemA2!M13 -> 1.5 | I13: =skemA2!N13-skemA2!O13 -> -34.7
B14: =skemA2!B14 -> 44718 | C14: =skemA2!C14 -> 4012.6 | D14: =skemA2!D14-skemA2!E14 -> 650.6 | E14: =skemA2!F14-skemA2!G14 -> -74.8 | F14: =skemA2!H14-skemA2!I14 -> -81.4 | G14: =skemA2!J14-skemA2!K14 -> -704.8 | H14: =skemA2!L14-skemA2!M14 -> 10 | I14: =skemA2!N14-skemA2!O14 -> -23.2
B15: =skemA2!B15 -> 44719 | C15: =skemA2!C15 -> 4016.7 | D15: =skemA2!D15-skemA2!E15 -> 556.9 | E15: =skemA2!F15-skemA2!G15 -> -19.3 | F15: =skemA2!H15-skemA2!I15 -> 39.5 | G15: =skemA2!J15-skemA2!K15 -> -565.9 | H15: =skemA2!L15-skemA2!M15 -> -1.1 | I15: =skemA2!N15-skemA2!O15 -> -7.9
B16: =skemA2!B16 -> 44720 | C16: =skemA2!C16 -> 4016.7 | D16: =skemA2!D16-skemA2!E16 -> 432.3 | E16: =skemA2!F16-skemA2!G16 -> 34.3 | F16: =skemA2!H16-skemA2!I16 -> 126.5 | G16: =skemA2!J16-skemA2!K16 -> -338.5 | H16: =skemA2!L16-skemA2!M16 -> -11.3 | I16: =skemA2!N16-skemA2!O16 -> -7.9
... B33: =skemA2!B33 -> 44737 | C33: =skemA2!C33 -> 3886.7 | D33: =skemA2!D33-skemA2!E33 -> 110.7 | E33: =skemA2!F33-skemA2!G33 -> -547.9 | F33: =skemA2!H33-skemA2!I33 -> -31.1 | G33: =skemA2!J33-skemA2!K33 -> 346.5 | H33: =skemA2!L33-skemA2!M33 -> -5.7 | I33: =skemA2!N33-skemA2!O33 -> 46.3
C34: =SUM(C5:C33) -> 115653.15 | D34: =SUM(D5:D33) -> 12673.55 | E34: =SUM(E5:E33) -> -12299.65 | F34: =SUM(F5:F33) -> -10152.45 | G34: =SUM(G5:G33) -> -7250.45 | H34: =SUM(H5:H33) -> -92.3 | I34: =SUM(I5:I33) -> 3.55
B39: Skema 3 : Penyusunan hasil perhitungan harga X dan Y indeks
B41: Waktu | C41: X0 | D41: X1 | E41: Y1 | F41: X2 | G41: Y2 | H41: X4 | I41: Y4
B42: Tgl | D42: 100 | E42: 1000 | F42: 900 | G42: 1000 | H42: 100 | I42: 200
B43: =skemA2!B5 -> 44709 | C43: =C5 -> 4095.7 | D43: =D5+$D$42 -> 247.7 | E43: =E5+$E$42 -> 529.3 | F43: =F5+$F$42 -> 248.9 | G43: =G5+$G$42 -> 1407.3 | H43: =H5+$H$42 -> 70.2 | I43: =I5+$I$42 -> 232.1
B44: =skemA2!B6 -> 44710 | C44: =C6 -> 3972.2 | D44: =D6+$D$42 -> 270.2 | E44: =E6+$E$42 -> 372 | F44: =F6+$F$42 -> 34.8 | G44: =G6+$G$42 -> 1257.6 | H44: =H6+$H$42 -> 65.4 | I44: =I6+$I$42 -> 230.6
B45: =skemA2!B7 -> 44711 | C45: =C7 -> 3961.9 | D45: =D7+$D$42 -> 355.1 | E45: =E7+$E$42 -> 355.9 | F45: =F7+$F$42 -> -95.1 | G45: =G7+$G$42 -> 1044.7 | H45: =H7+$H$42 -> 65.6 | I45: =I7+$I$42 -> 215.7
B46: =skemA2!B8 -> 44712 | C46: =C8 -> 3940.2 | D46: =D8+$D$42 -> 468 | E46: =E8+$E$42 -> 316.6 | F46: =F8+$F$42 -> -103 | G46: =G8+$G$42 -> 776 | H46: =H8+$H$42 -> 88.5 | I46: =I8+$I$42 -> 182.8
B47: =skemA2!B9 -> 44713 | C47: =C9 -> 3986.1 | D47: =D9+$D$42 -> 597.3 | E47: =E9+$E$42 -> 328.9 | F47: =F9+$F$42 -> -52.9 | G47: =G9+$G$42 -> 554.5 | H47: =H9+$H$42 -> 92.9 | I47: =I9+$I$42 -> 196.7
B48: =skemA2!B10 -> 44714 | C48: =C10 -> 4046.7 | D48: =D10+$D$42 -> 728.7 | E48: =E10+$E$42 -> 422.1 | F48: =F10+$F$42 -> 99.5 | G48: =G10+$G$42 -> 362.5 | H48: =H10+$H$42 -> 103.2 | I48: =I10+$I$42 -> 147.3
B49: =skemA2!B11 -> 44715 | C49: =C11 -> 4026.3 | D49: =D11+$D$42 -> 791.5 | E49: =E11+$E$42 -> 521.1 | F49: =F11+$F$42 -> 304.9 | G49: =G11+$G$42 -> 260.3 | H49: =H11+$H$42 -> 99.2 | I49: =I11+$I$42 -> 161.3
B50: =skemA2!B12 -> 44716 | C50: =C12 -> 3981.55 | D50: =D12+$D$42 -> 783.95 | E50: =E12+$E$42 -> 654.95 | F50: =F12+$F$42 -> 484.15 | G50: =G12+$G$42 -> 188.15 | H50: =H12+$H$42 -> 102.3 | I50: =I12+$I$42 -> 182.35
B51: =skemA2!B13 -> 44717 | C51: =C13 -> 4007.1 | D51: =D13+$D$42 -> 801.9 | E51: =E13+$E$42 -> 793.5 | F51: =F13+$F$42 -> 652.5 | G51: =G13+$G$42 -> 212.7 | H51: =H13+$H$42 -> 101.5 | I51: =I13+$I$42 -> 165.3
B52: =skemA2!B14 -> 44718 | C52: =C14 -> 4012.6 | D52: =D14+$D$42 -> 750.6 | E52: =E14+$E$42 -> 925.2 | F52: =F14+$F$42 -> 818.6 | G52: =G14+$G$42 -> 295.2 | H52: =H14+$H$42 -> 110 | I52: =I14+$I$42 -> 176.8
B53: =skemA2!B15 -> 44719 | C53: =C15 -> 4016.7 | D53: =D15+$D$42 -> 656.9 | E53: =E15+$E$42 -> 980.7 | F53: =F15+$F$42 -> 939.5 | G53: =G15+$G$42 -> 434.1 | H53: =H15+$H$42 -> 98.9 | I53: =I15+$I$42 -> 192.1
B54: =skemA2!B16 -> 44720 | C54: =C16 -> 4016.7 | D54: =D16+$D$42 -> 532.3 | E54: =E16+$E$42 -> 1034.3 | F54: =F16+$F$42 -> 1026.5 | G54: =G16+$G$42 -> 661.5 | H54: =H16+$H$42 -> 88.7 | I54: =I16+$I$42 -> 192.1
... B71: =skemA2!B33 -> 44737 | C71: =C33 -> 3886.7 | D71: =D33+$D$42 -> 210.7 | E71: =E33+$E$42 -> 452.1 | F71: =F33+$F$42 -> 868.9 | G71: =G33+$G$42 -> 1346.5 | H71: =H33+$H$42 -> 94.3 | I71: =I33+$I$42 -> 246.3
B72: Jumlah | C72: =SUM(C43:C71) -> 115653.15 | D72: =SUM(D43:D71) -> 15573.55 | E72: =SUM(E43:E71) -> 16700.35 | F72: =SUM(F43:F71) -> 15947.55 | G72: =SUM(G43:G71) -> 21749.55 | H72: =SUM(H43:H71) -> 2807.7 | I72: =SUM(I43:I71) -> 5803.55
D74: =MIN(D43:D71) -> 161.3 | E74: =MIN(E43:E71) -> -1.7 | F74: =MIN(F43:F71) -> -103 | G74: =MIN(G43:G71) -> 131.7 | H74: =MIN(H43:H71) -> 65.4 | I74: =MIN(I43:I71) -> 147.3

Sheet Tabel 6
B1: Tabel 6. Konstanta pengali untuk menghitung harga X00 , X10 dan Y10.
B3: Indeks kedua | E3: 0 | F3: 2 | G3: b | H3: 3 | I3: c | J3: 4 | K3: d
B4: Pengali untuk B (29 piantan) | E4: -29 | F4: -1 | G4: 0 | H4: -1 | I4: 0 | J4: -1 | K4: 0
B5: Pengali untuk B (15 piantan) | E5: -15 | F5: 1 | G5: 0 | H5: 5 | I5: 0 | J5: 1 | K5: 0
B6: Waktu menengah ® | C6: Konstanta untuk 29 piantan | E6: 1 | F6: 1 | G6: 0 | H6: -1 | I6: 1 | J6: 1 | K6: 0
E7: 1 | F7: 1 | G7: -1 | H7: -1 | I7: 1 | J7: 1 | K7: -1
E8: 1 | F8: 1 | G8: -1 | H8: 1 | I8: 1 | J8: -1 | K8: -1
E9: 1 | F9: 1 | G9: -1 | H9: 1 | I9: 1 | J9: -1 | K9: -1
E10: 1 | F10: -1 | G10: -1 | H10: 1 | I10: 1 | J10: -1 | K10: 1
E11: 1 | F11: -1 | G11: -1 | H11: 1 | I11: -1 | J11: 1 | K11: 1
E12: 1 | F12: -1 | G12: -1 | H12: 1 | I12: -1 | J12: 1 | K12: 1
D13: Konstanta untuk 15 piantan | E13: 1 | F13: -1 | G13: 0 | H13: -1 | I13: -1 | J13: 1 | K13: 0
E14: 1 | F14: -1 | G14: 1 | H14: -1 | I14: -1 | J14: 1 | K14: -1
E15: 1 | F15: -1 | G15: 1 | H15: -1 | I15: -1 | J15: -1 | K15: -1
E16: 1 | F16: -1 | G16: 1 | H16: -1 | I16: 1 | J16: -1 | K16: -1
E17: 1 | F17: 1 | G17: 1 | H17: -1 | I17: 1 | J17: -1 | K17: 1
E18: 1 | F18: 1 | G18: 1 | H18: 1 | I18: 1 | J18: -1 | K18: 1
E19: 1 | F19: 1 | G19: 1 | H19: 1 | I19: 1 | J19: 1 | K19: 1
E20: 1 | F20: 1 | G20: 0 | H20: 1 | I20: 0 | J20: 1 | K20: 0
E21: 1 | F21: 1 | G21: -1 | H21: 1 | I21: -1 | J21: 1 | K21: -1
E22: 1 | F22: 1 | G22: -1 | H22: 1 | I22: -1 | J22: -1 | K22: -1
E23: 1 | F23: 1 | G23: -1 | H23: -1 | I23: -1 | J23: -1 | K23: -1
E24: 1 | F24: -1 | G24: -1 | H24: -1 | I24: -1 | J24: -1 | K24: 1
E25: 1 | F25: -1 | G25: -1 | H25: -1 | I25: 1 | J25: -1 | K25: 1
... E34: 1 | F34: 1 | G34: 0 | H34: -1 | I34: -1 | J34: 1 | K34: 0

Sheet Tabel 7
B1: Tabel 7. Perhitungan harga X10 | F1: Catatan : Besar konstanta dapat dilihat pada Tabel 6.
B3: Waktu | C3: Multiplier | D3: X1 | E3: X10 | H3: Waktu | I3: Multiplier | J3: Y1 | K3: Y10 | N3: Waktu | O3: Multiplier | P3: X1 | Q3: X12 | T3: Waktu | U3: Multiplier | V3: Y1 | W3: Y12 | Z3: Waktu | AA3: Multiplier | AB3: X1 | AC3: X1b | AF3: Waktu | AG3: Multiplier | AH3: Y1 | AI3: Y1b | AL3: Waktu | AM3: Multiplier | AN3: X1 | AO3: X13 | AR3: Waktu | AS3: Multiplier | AT3: Y1 | AU3: Y13 | AX3: Waktu | AY3: Multiplier | AZ3: X1 | BA3: X1c | BD3: Waktu | BE3: Multiplier | BF3: Y1 | BG3: Y1c | BJ3: Waktu | BK3: Multiplier | BL3: X1 | BM3: X14 | BP3: Waktu | BQ3: Multiplier | BR3: Y1 | BS3: Y14 | BV3: Waktu | BW3: Multiplier | BX3: X1 | BY3: X1d | CB3: Waktu | CC3: Multiplier | CD3: Y1 | CE3: Y1d | CJ3: Indeks Tanda | CL3: Besarnya harga | CN3: X | CO3: Y
B4: Tgl | C4: Factor 0 | E4: + | F4: - | H4: Tgl | I4: Factor 0 | K4: + | L4: - | N4: Tgl | O4: Factor 2 | Q4: + | R4: - | T4: Tgl | U4: Factor 2 | W4: + | X4: - | Z4: Tgl | AA4: Factor b | AC4: + | AD4: - | AF4: Tgl | AG4: Factor b | AI4: + | AJ4: - | AL4: Tgl | AM4: Factor 3 | AO4: + | AP4: - | AR4: Tgl | AS4: Factor 3 | AU4: + | AV4: - | AX4: Tgl | AY4: Factor c | BA4: + | BB4: - | BD4: Tgl | BE4: Factor c | BG4: + | BH4: - | BJ4: Tgl | BK4: Factor 4 | BM4: + | BN4: - | BP4: Tgl | BQ4: Factor 4 | BS4: + | BT4: - | BV4: Tgl | BW4: Factor d | BY4: + | BZ4: - | CB4: Tgl | CC4: Factor d | CE4: + | CF4: - | CL4: X | CM4: Y
B5: =skemA3!B5 -> 44709 | C5: ='Tabel 6'!E6 -> 1 | D5: =skemA3!D43 -> 247.7 | E5: =IF($C5>0,$D5*$C5,0) -> 247.7 | F5: =IF($C5<0,ABS($D5*$C5),0) -> 0 | H5: =skemA3!B5 -> 44709 | I5: ='Tabel 6'!E6 -> 1 | J5: =skemA3!E43 -> 529.3 | K5: =IF($I5>0,$J5*$I5,0) -> 529.3 | L5: =IF($I5<0,ABS($J5*$I5),0) -> 0 | N5: =skemA3!B5 -> 44709 | O5: ='Tabel 6'!F6 -> 1 | P5: =D5 -> 247.7 | Q5: =IF($O5>0,$P5*$O5,0) -> 247.7 | R5: =IF($O5<0,ABS($P5*$O5),0) -> 0 | T5: =skemA3!B5 -> 44709 | U5: =O5 -> 1 | V5: =J5 -> 529.3 | W5: =IF($U5>0,$V5*$U5,0) -> 529.3 | X5: =IF($U5<0,ABS($V5*$U5),0) -> 0 | Z5: =skemA3!B5 -> 44709 | AA5: ='Tabel 6'!G6 -> 0 | AB5: =P5 -> 247.7 | AC5: =IF($AA5>0,$AB5*$AA5,0) -> 0 | AD5: =IF($AA5<0,ABS($AB5*$AA5),0) -> 0 | AF5: =skemA3!B5 -> 44709 | AG5: =AA5 -> 0 | AH5: =V5 -> 529.3 | AI5: =IF($AG5>0,$AH5*$AG5,0) -> 0 | AJ5: =IF($AG5<0,ABS($AH5*$AG5),0) -> 0 | AL5: =skemA3!B5 -> 44709 | AM5: ='Tabel 6'!H6 -> -1 | AN5: =AB5 -> 247.7 | AO5: =IF($AM5>0,$AN5*$AM5,0) -> 0 | AP5: =IF($AM5<0,ABS($AN5*$AM5),0) -> 247.7 | AR5: =skemA3!B5 -> 44709 | AS5: =AM5 -> -1 | AT5: =AH5 -> 529.3 | AU5: =IF($AS5>0,$AT5*$AS5,0) -> 0 | AV5: =IF($AS5<0,ABS($AT5*$AS5),0) -> 529.3 | AX5: =skemA3!B5 -> 44709 | AY5: ='Tabel 6'!I6 -> 1 | AZ5: =AN5 -> 247.7 | BA5: =IF($AY5>0,$AZ5*$AY5,0) -> 247.7 | BB5: =IF($AY5<0,ABS($AZ5*$AY5),0) -> 0 | BD5: =skemA3!B5 -> 44709 | BE5: =AY5 -> 1 | BF5: =AT5 -> 529.3 | BG5: =IF($BE5>0,$BF5*$BE5,0) -> 529.3 | BH5: =IF($BE5<0,ABS($BF5*$BE5),0) -> 0 | BJ5: =skemA3!B5 -> 44709 | BK5: ='Tabel 6'!J6 -> 1 | BL5: =AZ5 -> 247.7 | BM5: =IF($BK5>0,$BL5*$BK5,0) -> 247.7 | BN5: =IF($BK5<0,ABS($BL5*$BK5),0) -> 0 | BP5: =skemA3!B5 -> 44709 | BQ5: =BK5 -> 1 | BR5: =BF5 -> 529.3 | BS5: =IF($BQ5>0,$BR5*$BQ5,0) -> 529.3 | BT5: =IF($BQ5<0,ABS($BR5*$BQ5),0) -> 0 | BV5: =skemA3!B5 -> 44709 | BW5: ='Tabel 6'!K6 -> 0 | BX5: =BL5 -> 247.7 | BY5: =IF($BW5>0,$BX5*$BW5,0) -> 0 | BZ5: =IF($BW5<0,ABS($BX5*$BW5),0) -> 0 | CB5: =skemA3!B5 -> 44709 | CC5: =BW5 -> 0 | CD5: =BR5 -> 529.3 | CE5: =IF($CC5>0,$CD5*$CC5,0) -> 0 | CF5: =IF($CC5<0,ABS($CD5*$CC5),0) -> 0 | CJ5: 00 | CK5: + | CL5: =skemA3!C72 -> 115653.15 | CN5: =CL5 -> 115653.15
B6: =skemA3!B6 -> 44710 | C6: ='Tabel 6'!E7 -> 1 | D6: =skemA3!D44 -> 270.2 | E6: =IF($C6>0,$D6*$C6,0) -> 270.2 | F6: =IF($C6<0,ABS($D6*$C6),0) -> 0 | H6: =skemA3!B6 -> 44710 | I6: ='Tabel 6'!E7 -> 1 | J6: =skemA3!E44 -> 372 | K6: =IF($I6>0,$J6*$I6,0) -> 372 | L6: =IF($I6<0,ABS($J6*$I6),0) -> 0 | N6: =skemA3!B6 -> 44710 | O6: ='Tabel 6'!F7 -> 1 | P6: =D6 -> 270.2 | Q6: =IF($O6>0,$P6*$O6,0) -> 270.2 | R6: =IF($O6<0,ABS($P6*$O6),0) -> 0 | T6: =skemA3!B6 -> 44710 | U6: =O6 -> 1 | V6: =J6 -> 372 | W6: =IF($U6>0,$V6*$U6,0) -> 372 | X6: =IF($U6<0,ABS($V6*$U6),0) -> 0 | Z6: =skemA3!B6 -> 44710 | AA6: ='Tabel 6'!G7 -> -1 | AB6: =P6 -> 270.2 | AC6: =IF($AA6>0,$AB6*$AA6,0) -> 0 | AD6: =IF($AA6<0,ABS($AB6*$AA6),0) -> 270.2 | AF6: =skemA3!B6 -> 44710 | AG6: =AA6 -> -1 | AH6: =V6 -> 372 | AI6: =IF($AG6>0,$AH6*$AG6,0) -> 0 | AJ6: =IF($AG6<0,ABS($AH6*$AG6),0) -> 372 | AL6: =skemA3!B6 -> 44710 | AM6: ='Tabel 6'!H7 -> -1 | AN6: =AB6 -> 270.2 | AO6: =IF($AM6>0,$AN6*$AM6,0) -> 0 | AP6: =IF($AM6<0,ABS($AN6*$AM6),0) -> 270.2 | AR6: =skemA3!B6 -> 44710 | AS6: =AM6 -> -1 | AT6: =AH6 -> 372 | AU6: =IF($AS6>0,$AT6*$AS6,0) -> 0 | AV6: =IF($AS6<0,ABS($AT6*$AS6),0) -> 372 | AX6: =skemA3!B6 -> 44710 | AY6: ='Tabel 6'!I7 -> 1 | AZ6: =AN6 -> 270.2 | BA6: =IF($AY6>0,$AZ6*$AY6,0) -> 270.2 | BB6: =IF($AY6<0,ABS($AZ6*$AY6),0) -> 0 | BD6: =skemA3!B6 -> 44710 | BE6: =AY6 -> 1 | BF6: =AT6 -> 372 | BG6: =IF($BE6>0,$BF6*$BE6,0) -> 372 | BH6: =IF($BE6<0,ABS($BF6*$BE6),0) -> 0 | BJ6: =skemA3!B6 -> 44710 | BK6: ='Tabel 6'!J7 -> 1 | BL6: =AZ6 -> 270.2 | BM6: =IF($BK6>0,$BL6*$BK6,0) -> 270.2 | BN6: =IF($BK6<0,ABS($BL6*$BK6),0) -> 0 | BP6: =skemA3!B6 -> 44710 | BQ6: =BK6 -> 1 | BR6: =BF6 -> 372 | BS6: =IF($BQ6>0,$BR6*$BQ6,0) -> 372 | BT6: =IF($BQ6<0,ABS($BR6*$BQ6),0) -> 0 | BV6: =skemA3!B6 -> 44710 | BW6: ='Tabel 6'!K7 -> -1 | BX6: =BL6 -> 270.2 | BY6: =IF($BW6>0,$BX6*$BW6,0) -> 0 | BZ6: =IF($BW6<0,ABS($BX6*$BW6),0) -> 270.2 | CB6: =skemA3!B6 -> 44710 | CC6: =BW6 -> -1 | CD6: =BR6 -> 372 | CE6: =IF($CC6>0,$CD6*$CC6,0) -> 0 | CF6: =IF($CC6<0,ABS($CD6*$CC6),0) -> 372 | CJ6: 10 | CK6: + | CL6: =E34 -> 7920.75 | CM6: =K34 -> 9666.55 | CN6: =IF((CL6-CL7)>0,(CL6-CL7),0) -> 5020.75 | CO6: =IF((CM6-CM7)>0,(CM6-CM7),0) -> 0
B7: =skemA3!B7 -> 44711 | C7: ='Tabel 6'!E8 -> 1 | D7: =skemA3!D45 -> 355.1 | E7: =IF($C7>0,$D7*$C7,0) -> 355.1 | F7: =IF($C7<0,ABS($D7*$C7),0) -> 0 | H7: =skemA3!B7 -> 44711 | I7: ='Tabel 6'!E8 -> 1 | J7: =skemA3!E45 -> 355.9 | K7: =IF($I7>0,$J7*$I7,0) -> 355.9 | L7: =IF($I7<0,ABS($J7*$I7),0) -> 0 | N7: =skemA3!B7 -> 44711 | O7: ='Tabel 6'!F8 -> 1 | P7: =D7 -> 355.1 | Q7: =IF($O7>0,$P7*$O7,0) -> 355.1 | R7: =IF($O7<0,ABS($P7*$O7),0) -> 0 | T7: =skemA3!B7 -> 44711 | U7: =O7 -> 1 | V7: =J7 -> 355.9 | W7: =IF($U7>0,$V7*$U7,0) -> 355.9 | X7: =IF($U7<0,ABS($V7*$U7),0) -> 0 | Z7: =skemA3!B7 -> 44711 | AA7: ='Tabel 6'!G8 -> -1 | AB7: =P7 -> 355.1 | AC7: =IF($AA7>0,$AB7*$AA7,0) -> 0 | AD7: =IF($AA7<0,ABS($AB7*$AA7),0) -> 355.1 | AF7: =skemA3!B7 -> 44711 | AG7: =AA7 -> -1 | AH7: =V7 -> 355.9 | AI7: =IF($AG7>0,$AH7*$AG7,0) -> 0 | AJ7: =IF($AG7<0,ABS($AH7*$AG7),0) -> 355.9 | AL7: =skemA3!B7 -> 44711 | AM7: ='Tabel 6'!H8 -> 1 | AN7: =AB7 -> 355.1 | AO7: =IF($AM7>0,$AN7*$AM7,0) -> 355.1 | AP7: =IF($AM7<0,ABS($AN7*$AM7),0) -> 0 | AR7: =skemA3!B7 -> 44711 | AS7: =AM7 -> 1 | AT7: =AH7 -> 355.9 | AU7: =IF($AS7>0,$AT7*$AS7,0) -> 355.9 | AV7: =IF($AS7<0,ABS($AT7*$AS7),0) -> 0 | AX7: =skemA3!B7 -> 44711 | AY7: ='Tabel 6'!I8 -> 1 | AZ7: =AN7 -> 355.1 | BA7: =IF($AY7>0,$AZ7*$AY7,0) -> 355.1 | BB7: =IF($AY7<0,ABS($AZ7*$AY7),0) -> 0 | BD7: =skemA3!B7 -> 44711 | BE7: =AY7 -> 1 | BF7: =AT7 -> 355.9 | BG7: =IF($BE7>0,$BF7*$BE7,0) -> 355.9 | BH7: =IF($BE7<0,ABS($BF7*$BE7),0) -> 0 | BJ7: =skemA3!B7 -> 44711 | BK7: ='Tabel 6'!J8 -> -1 | BL7: =AZ7 -> 355.1 | BM7: =IF($BK7>0,$BL7*$BK7,0) -> 0 | BN7: =IF($BK7<0,ABS($BL7*$BK7),0) -> 355.1 | BP7: =skemA3!B7 -> 44711 | BQ7: =BK7 -> -1 | BR7: =BF7 -> 355.9 | BS7: =IF($BQ7>0,$BR7*$BQ7,0) -> 0 | BT7: =IF($BQ7<0,ABS($BR7*$BQ7),0) -> 355.9 | BV7: =skemA3!B7 -> 44711 | BW7: ='Tabel 6'!K8 -> -1 | BX7: =BL7 -> 355.1 | BY7: =IF($BW7>0,$BX7*$BW7,0) -> 0 | BZ7: =IF($BW7<0,ABS($BX7*$BW7),0) -> 355.1 | CB7: =skemA3!B7 -> 44711 | CC7: =BW7 -> -1 | CD7: =BR7 -> 355.9 | CE7: =IF($CC7>0,$CD7*$CC7,0) -> 0 | CF7: =IF($CC7<0,ABS($CD7*$CC7),0) -> 355.9 | CK7: - | CL7: =ABS(skemA3!D42*'Tabel 6'!E4) -> 2900 | CM7: =ABS(skemA3!E42*'Tabel 6'!E4) -> 29000 | CN7: =IF((CL6-CL7)<0,(CL6-CL7),0) -> 0 | CO7: =IF((CM6-CM7)<0,(CM6-CM7),0) -> -19333.45
B8: =skemA3!B8 -> 44712 | C8: ='Tabel 6'!E9 -> 1 | D8: =skemA3!D46 -> 468 | E8: =IF($C8>0,$D8*$C8,0) -> 468 | F8: =IF($C8<0,ABS($D8*$C8),0) -> 0 | H8: =skemA3!B8 -> 44712 | I8: ='Tabel 6'!E9 -> 1 | J8: =skemA3!E46 -> 316.6 | K8: =IF($I8>0,$J8*$I8,0) -> 316.6 | L8: =IF($I8<0,ABS($J8*$I8),0) -> 0 | N8: =skemA3!B8 -> 44712 | O8: ='Tabel 6'!F9 -> 1 | P8: =D8 -> 468 | Q8: =IF($O8>0,$P8*$O8,0) -> 468 | R8: =IF($O8<0,ABS($P8*$O8),0) -> 0 | T8: =skemA3!B8 -> 44712 | U8: =O8 -> 1 | V8: =J8 -> 316.6 | W8: =IF($U8>0,$V8*$U8,0) -> 316.6 | X8: =IF($U8<0,ABS($V8*$U8),0) -> 0 | Z8: =skemA3!B8 -> 44712 | AA8: ='Tabel 6'!G9 -> -1 | AB8: =P8 -> 468 | AC8: =IF($AA8>0,$AB8*$AA8,0) -> 0 | AD8: =IF($AA8<0,ABS($AB8*$AA8),0) -> 468 | AF8: =skemA3!B8 -> 44712 | AG8: =AA8 -> -1 | AH8: =V8 -> 316.6 | AI8: =IF($AG8>0,$AH8*$AG8,0) -> 0 | AJ8: =IF($AG8<0,ABS($AH8*$AG8),0) -> 316.6 | AL8: =skemA3!B8 -> 44712 | AM8: ='Tabel 6'!H9 -> 1 | AN8: =AB8 -> 468 | AO8: =IF($AM8>0,$AN8*$AM8,0) -> 468 | AP8: =IF($AM8<0,ABS($AN8*$AM8),0) -> 0 | AR8: =skemA3!B8 -> 44712 | AS8: =AM8 -> 1 | AT8: =AH8 -> 316.6 | AU8: =IF($AS8>0,$AT8*$AS8,0) -> 316.6 | AV8: =IF($AS8<0,ABS($AT8*$AS8),0) -> 0 | AX8: =skemA3!B8 -> 44712 | AY8: ='Tabel 6'!I9 -> 1 | AZ8: =AN8 -> 468 | BA8: =IF($AY8>0,$AZ8*$AY8,0) -> 468 | BB8: =IF($AY8<0,ABS($AZ8*$AY8),0) -> 0 | BD8: =skemA3!B8 -> 44712 | BE8: =AY8 -> 1 | BF8: =AT8 -> 316.6 | BG8: =IF($BE8>0,$BF8*$BE8,0) -> 316.6 | BH8: =IF($BE8<0,ABS($BF8*$BE8),0) -> 0 | BJ8: =skemA3!B8 -> 44712 | BK8: ='Tabel 6'!J9 -> -1 | BL8: =AZ8 -> 468 | BM8: =IF($BK8>0,$BL8*$BK8,0) -> 0 | BN8: =IF($BK8<0,ABS($BL8*$BK8),0) -> 468 | BP8: =skemA3!B8 -> 44712 | BQ8: =BK8 -> -1 | BR8: =BF8 -> 316.6 | BS8: =IF($BQ8>0,$BR8*$BQ8,0) -> 0 | BT8: =IF($BQ8<0,ABS($BR8*$BQ8),0) -> 316.6 | BV8: =skemA3!B8 -> 44712 | BW8: ='Tabel 6'!K9 -> -1 | BX8: =BL8 -> 468 | BY8: =IF($BW8>0,$BX8*$BW8,0) -> 0 | BZ8: =IF($BW8<0,ABS($BX8*$BW8),0) -> 468 | CB8: =skemA3!B8 -> 44712 | CC8: =BW8 -> -1 | CD8: =BR8 -> 316.6 | CE8: =IF($CC8>0,$CD8*$CC8,0) -> 0 | CF8: =IF($CC8<0,ABS($CD8*$CC8),0) -> 316.6 | CJ8: 12 | CK8: + | CL8: {=TRANSPOSE(Q34:R34)} -> 2809.9 | CM8: {=TRANSPOSE(W34:X34)} -> 5040.1 | CN8: =IF((CL8-CL9+CL10)>0,(CL8-CL9+CL10),0) -> 0 | CO8: =IF((CM8-CM9+CM10)>0,(CM8-CM9+CM10),0) -> 1413.65
B9: =skemA3!B9 -> 44713 | C9: ='Tabel 6'!E10 -> 1 | D9: =skemA3!D47 -> 597.3 | E9: =IF($C9>0,$D9*$C9,0) -> 597.3 | F9: =IF($C9<0,ABS($D9*$C9),0) -> 0 | H9: =skemA3!B9 -> 44713 | I9: ='Tabel 6'!E10 -> 1 | J9: =skemA3!E47 -> 328.9 | K9: =IF($I9>0,$J9*$I9,0) -> 328.9 | L9: =IF($I9<0,ABS($J9*$I9),0) -> 0 | N9: =skemA3!B9 -> 44713 | O9: ='Tabel 6'!F10 -> -1 | P9: =D9 -> 597.3 | Q9: =IF($O9>0,$P9*$O9,0) -> 0 | R9: =IF($O9<0,ABS($P9*$O9),0) -> 597.3 | T9: =skemA3!B9 -> 44713 | U9: =O9 -> -1 | V9: =J9 -> 328.9 | W9: =IF($U9>0,$V9*$U9,0) -> 0 | X9: =IF($U9<0,ABS($V9*$U9),0) -> 328.9 | Z9: =skemA3!B9 -> 44713 | AA9: ='Tabel 6'!G10 -> -1 | AB9: =P9 -> 597.3 | AC9: =IF($AA9>0,$AB9*$AA9,0) -> 0 | AD9: =IF($AA9<0,ABS($AB9*$AA9),0) -> 597.3 | AF9: =skemA3!B9 -> 44713 | AG9: =AA9 -> -1 | AH9: =V9 -> 328.9 | AI9: =IF($AG9>0,$AH9*$AG9,0) -> 0 | AJ9: =IF($AG9<0,ABS($AH9*$AG9),0) -> 328.9 | AL9: =skemA3!B9 -> 44713 | AM9: ='Tabel 6'!H10 -> 1 | AN9: =AB9 -> 597.3 | AO9: =IF($AM9>0,$AN9*$AM9,0) -> 597.3 | AP9: =IF($AM9<0,ABS($AN9*$AM9),0) -> 0 | AR9: =skemA3!B9 -> 44713 | AS9: =AM9 -> 1 | AT9: =AH9 -> 328.9 | AU9: =IF($AS9>0,$AT9*$AS9,0) -> 328.9 | AV9: =IF($AS9<0,ABS($AT9*$AS9),0) -> 0 | AX9: =skemA3!B9 -> 44713 | AY9: ='Tabel 6'!I10 -> 1 | AZ9: =AN9 -> 597.3 | BA9: =IF($AY9>0,$AZ9*$AY9,0) -> 597.3 | BB9: =IF($AY9<0,ABS($AZ9*$AY9),0) -> 0 | BD9: =skemA3!B9 -> 44713 | BE9: =AY9 -> 1 | BF9: =AT9 -> 328.9 | BG9: =IF($BE9>0,$BF9*$BE9,0) -> 328.9 | BH9: =IF($BE9<0,ABS($BF9*$BE9),0) -> 0 | BJ9: =skemA3!B9 -> 44713 | BK9: ='Tabel 6'!J10 -> -1 | BL9: =AZ9 -> 597.3 | BM9: =IF($BK9>0,$BL9*$BK9,0) -> 0 | BN9: =IF($BK9<0,ABS($BL9*$BK9),0) -> 597.3 | BP9: =skemA3!B9 -> 44713 | BQ9: =BK9 -> -1 | BR9: =BF9 -> 328.9 | BS9: =IF($BQ9>0,$BR9*$BQ9,0) -> 0 | BT9: =IF($BQ9<0,ABS($BR9*$BQ9),0) -> 328.9 | BV9: =skemA3!B9 -> 44713 | BW9: ='Tabel 6'!K10 -> 1 | BX9: =BL9 -> 597.3 | BY9: =IF($BW9>0,$BX9*$BW9,0) -> 597.3 | BZ9: =IF($BW9<0,ABS($BX9*$BW9),0) -> 0 | CB9: =skemA3!B9 -> 44713 | CC9: =BW9 -> 1 | CD9: =BR9 -> 328.9 | CE9: =IF($CC9>0,$CD9*$CC9,0) -> 328.9 | CF9: =IF($CC9<0,ABS($CD9*$CC9),0) -> 0 | CK9: - | CL9: 5110.85 | CM9: 4626.45 | CN9: =IF((CL8-CL9+CL10)<0,(CL8-CL9+CL10),0) -> -2200.95 | CO9: =IF((CM8-CM9+CM10)<0,(CM8-CM9+CM10),0) -> 0
B10: =skemA3!B10 -> 44714 | C10: ='Tabel 6'!E11 -> 1 | D10: =skemA3!D48 -> 728.7 | E10: =IF($C10>0,$D10*$C10,0) -> 728.7 | F10: =IF($C10<0,ABS($D10*$C10),0) -> 0 | H10: =skemA3!B10 -> 44714 | I10: ='Tabel 6'!E11 -> 1 | J10: =skemA3!E48 -> 422.1 | K10: =IF($I10>0,$J10*$I10,0) -> 422.1 | L10: =IF($I10<0,ABS($J10*$I10),0) -> 0 | N10: =skemA3!B10 -> 44714 | O10: ='Tabel 6'!F11 -> -1 | P10: =D10 -> 728.7 | Q10: =IF($O10>0,$P10*$O10,0) -> 0 | R10: =IF($O10<0,ABS($P10*$O10),0) -> 728.7 | T10: =skemA3!B10 -> 44714 | U10: =O10 -> -1 | V10: =J10 -> 422.1 | W10: =IF($U10>0,$V10*$U10,0) -> 0 | X10: =IF($U10<0,ABS($V10*$U10),0) -> 422.1 | Z10: =skemA3!B10 -> 44714 | AA10: ='Tabel 6'!G11 -> -1 | AB10: =P10 -> 728.7 | AC10: =IF($AA10>0,$AB10*$AA10,0) -> 0 | AD10: =IF($AA10<0,ABS($AB10*$AA10),0) -> 728.7 | AF10: =skemA3!B10 -> 44714 | AG10: =AA10 -> -1 | AH10: =V10 -> 422.1 | AI10: =IF($AG10>0,$AH10*$AG10,0) -> 0 | AJ10: =IF($AG10<0,ABS($AH10*$AG10),0) -> 422.1 | AL10: =skemA3!B10 -> 44714 | AM10: ='Tabel 6'!H11 -> 1 | AN10: =AB10 -> 728.7 | AO10: =IF($AM10>0,$AN10*$AM10,0) -> 728.7 | AP10: =IF($AM10<0,ABS($AN10*$AM10),0) -> 0 | AR10: =skemA3!B10 -> 44714 | AS10: =AM10 -> 1 | AT10: =AH10 -> 422.1 | AU10: =IF($AS10>0,$AT10*$AS10,0) -> 422.1 | AV10: =IF($AS10<0,ABS($AT10*$AS10),0) -> 0 | AX10: =skemA3!B10 -> 44714 | AY10: ='Tabel 6'!I11 -> -1 | AZ10: =AN10 -> 728.7 | BA10: =IF($AY10>0,$AZ10*$AY10,0) -> 0 | BB10: =IF($AY10<0,ABS($AZ10*$AY10),0) -> 728.7 | BD10: =skemA3!B10 -> 44714 | BE10: =AY10 -> -1 | BF10: =AT10 -> 422.1 | BG10: =IF($BE10>0,$BF10*$BE10,0) -> 0 | BH10: =IF($BE10<0,ABS($BF10*$BE10),0) -> 422.1 | BJ10: =skemA3!B10 -> 44714 | BK10: ='Tabel 6'!J11 -> 1 | BL10: =AZ10 -> 728.7 | BM10: =IF($BK10>0,$BL10*$BK10,0) -> 728.7 | BN10: =IF($BK10<0,ABS($BL10*$BK10),0) -> 0 | BP10: =skemA3!B10 -> 44714 | BQ10: =BK10 -> 1 | BR10: =BF10 -> 422.1 | BS10: =IF($BQ10>0,$BR10*$BQ10,0) -> 422.1 | BT10: =IF($BQ10<0,ABS($BR10*$BQ10),0) -> 0 | BV10: =skemA3!B10 -> 44714 | BW10: ='Tabel 6'!K11 -> 1 | BX10: =BL10 -> 728.7 | BY10: =IF($BW10>0,$BX10*$BW10,0) -> 728.7 | BZ10: =IF($BW10<0,ABS($BX10*$BW10),0) -> 0 | CB10: =skemA3!B10 -> 44714 | CC10: =BW10 -> 1 | CD10: =BR10 -> 422.1 | CE10: =IF($CC10>0,$CD10*$CC10,0) -> 422.1 | CF10: =IF($CC10<0,ABS($CD10*$CC10),0) -> 0 | CK10: + | CL10: =ABS(skemA3!D42*'Tabel 6'!F4) -> 100 | CM10: =ABS(skemA3!E42*'Tabel 6'!F4) -> 1000
B11: =skemA3!B11 -> 44715 | C11: ='Tabel 6'!E12 -> 1 | D11: =skemA3!D49 -> 791.5 | E11: =IF($C11>0,$D11*$C11,0) -> 791.5 | F11: =IF($C11<0,ABS($D11*$C11),0) -> 0 | H11: =skemA3!B11 -> 44715 | I11: ='Tabel 6'!E12 -> 1 | J11: =skemA3!E49 -> 521.1 | K11: =IF($I11>0,$J11*$I11,0) -> 521.1 | L11: =IF($I11<0,ABS($J11*$I11),0) -> 0 | N11: =skemA3!B11 -> 44715 | O11: ='Tabel 6'!F12 -> -1 | P11: =D11 -> 791.5 | Q11: =IF($O11>0,$P11*$O11,0) -> 0 | R11: =IF($O11<0,ABS($P11*$O11),0) -> 791.5 | T11: =skemA3!B11 -> 44715 | U11: =O11 -> -1 | V11: =J11 -> 521.1 | W11: =IF($U11>0,$V11*$U11,0) -> 0 | X11: =IF($U11<0,ABS($V11*$U11),0) -> 521.1 | Z11: =skemA3!B11 -> 44715 | AA11: ='Tabel 6'!G12 -> -1 | AB11: =P11 -> 791.5 | AC11: =IF($AA11>0,$AB11*$AA11,0) -> 0 | AD11: =IF($AA11<0,ABS($AB11*$AA11),0) -> 791.5 | AF11: =skemA3!B11 -> 44715 | AG11: =AA11 -> -1 | AH11: =V11 -> 521.1 | AI11: =IF($AG11>0,$AH11*$AG11,0) -> 0 | AJ11: =IF($AG11<0,ABS($AH11*$AG11),0) -> 521.1 | AL11: =skemA3!B11 -> 44715 | AM11: ='Tabel 6'!H12 -> 1 | AN11: =AB11 -> 791.5 | AO11: =IF($AM11>0,$AN11*$AM11,0) -> 791.5 | AP11: =IF($AM11<0,ABS($AN11*$AM11),0) -> 0 | AR11: =skemA3!B11 -> 44715 | AS11: =AM11 -> 1 | AT11: =AH11 -> 521.1 | AU11: =IF($AS11>0,$AT11*$AS11,0) -> 521.1 | AV11: =IF($AS11<0,ABS($AT11*$AS11),0) -> 0 | AX11: =skemA3!B11 -> 44715 | AY11: ='Tabel 6'!I12 -> -1 | AZ11: =AN11 -> 791.5 | BA11: =IF($AY11>0,$AZ11*$AY11,0) -> 0 | BB11: =IF($AY11<0,ABS($AZ11*$AY11),0) -> 791.5 | BD11: =skemA3!B11 -> 44715 | BE11: =AY11 -> -1 | BF11: =AT11 -> 521.1 | BG11: =IF($BE11>0,$BF11*$BE11,0) -> 0 | BH11: =IF($BE11<0,ABS($BF11*$BE11),0) -> 521.1 | BJ11: =skemA3!B11 -> 44715 | BK11: ='Tabel 6'!J12 -> 1 | BL11: =AZ11 -> 791.5 | BM11: =IF($BK11>0,$BL11*$BK11,0) -> 791.5 | BN11: =IF($BK11<0,ABS($BL11*$BK11),0) -> 0 | BP11: =skemA3!B11 -> 44715 | BQ11: =BK11 -> 1 | BR11: =BF11 -> 521.1 | BS11: =IF($BQ11>0,$BR11*$BQ11,0) -> 521.1 | BT11: =IF($BQ11<0,ABS($BR11*$BQ11),0) -> 0 | BV11: =skemA3!B11 -> 44715 | BW11: ='Tabel 6'!K12 -> 1 | BX11: =BL11 -> 791.5 | BY11: =IF($BW11>0,$BX11*$BW11,0) -> 791.5 | BZ11: =IF($BW11<0,ABS($BX11*$BW11),0) -> 0 | CB11: =skemA3!B11 -> 44715 | CC11: =BW11 -> 1 | CD11: =BR11 -> 521.1 | CE11: =IF($CC11>0,$CD11*$CC11,0) -> 521.1 | CF11: =IF($CC11<0,ABS($CD11*$CC11),0) -> 0 | CJ11: 1b | CK11: + | CL11: {=TRANSPOSE(AC34:AD34)} -> 3469.2 | CM11: {=TRANSPOSE(AI34:AJ34)} -> 5527.8 | CN11: =IF((CL11-CL12)>0,(CL11-CL12),0) -> 258.4 | CO11: =IF((CM11-CM12)>0,(CM11-CM12),0) -> 3211.2
B12: =skemA3!B12 -> 44716 | C12: ='Tabel 6'!E13 -> 1 | D12: =skemA3!D50 -> 783.95 | E12: =IF($C12>0,$D12*$C12,0) -> 783.95 | F12: =IF($C12<0,ABS($D12*$C12),0) -> 0 | H12: =skemA3!B12 -> 44716 | I12: ='Tabel 6'!E13 -> 1 | J12: =skemA3!E50 -> 654.95 | K12: =IF($I12>0,$J12*$I12,0) -> 654.95 | L12: =IF($I12<0,ABS($J12*$I12),0) -> 0 | N12: =skemA3!B12 -> 44716 | O12: ='Tabel 6'!F13 -> -1 | P12: =D12 -> 783.95 | Q12: =IF($O12>0,$P12*$O12,0) -> 0 | R12: =IF($O12<0,ABS($P12*$O12),0) -> 783.95 | T12: =skemA3!B12 -> 44716 | U12: =O12 -> -1 | V12: =J12 -> 654.95 | W12: =IF($U12>0,$V12*$U12,0) -> 0 | X12: =IF($U12<0,ABS($V12*$U12),0) -> 654.95 | Z12: =skemA3!B12 -> 44716 | AA12: ='Tabel 6'!G13 -> 0 | AB12: =P12 -> 783.95 | AC12: =IF($AA12>0,$AB12*$AA12,0) -> 0 | AD12: =IF($AA12<0,ABS($AB12*$AA12),0) -> 0 | AF12: =skemA3!B12 -> 44716 | AG12: =AA12 -> 0 | AH12: =V12 -> 654.95 | AI12: =IF($AG12>0,$AH12*$AG12,0) -> 0 | AJ12: =IF($AG12<0,ABS($AH12*$AG12),0) -> 0 | AL12: =skemA3!B12 -> 44716 | AM12: ='Tabel 6'!H13 -> -1 | AN12: =AB12 -> 783.95 | AO12: =IF($AM12>0,$AN12*$AM12,0) -> 0 | AP12: =IF($AM12<0,ABS($AN12*$AM12),0) -> 783.95 | AR12: =skemA3!B12 -> 44716 | AS12: =AM12 -> -1 | AT12: =AH12 -> 654.95 | AU12: =IF($AS12>0,$AT12*$AS12,0) -> 0 | AV12: =IF($AS12<0,ABS($AT12*$AS12),0) -> 654.95 | AX12: =skemA3!B12 -> 44716 | AY12: ='Tabel 6'!I13 -> -1 | AZ12: =AN12 -> 783.95 | BA12: =IF($AY12>0,$AZ12*$AY12,0) -> 0 | BB12: =IF($AY12<0,ABS($AZ12*$AY12),0) -> 783.95 | BD12: =skemA3!B12 -> 44716 | BE12: =AY12 -> -1 | BF12: =AT12 -> 654.95 | BG12: =IF($BE12>0,$BF12*$BE12,0) -> 0 | BH12: =IF($BE12<0,ABS($BF12*$BE12),0) -> 654.95 | BJ12: =skemA3!B12 -> 44716 | BK12: ='Tabel 6'!J13 -> 1 | BL12: =AZ12 -> 783.95 | BM12: =IF($BK12>0,$BL12*$BK12,0) -> 783.95 | BN12: =IF($BK12<0,ABS($BL12*$BK12),0) -> 0 | BP12: =skemA3!B12 -> 44716 | BQ12: =BK12 -> 1 | BR12: =BF12 -> 654.95 | BS12: =IF($BQ12>0,$BR12*$BQ12,0) -> 654.95 | BT12: =IF($BQ12<0,ABS($BR12*$BQ12),0) -> 0 | BV12: =skemA3!B12 -> 44716 | BW12: ='Tabel 6'!K13 -> 0 | BX12: =BL12 -> 783.95 | BY12: =IF($BW12>0,$BX12*$BW12,0) -> 0 | BZ12: =IF($BW12<0,ABS($BX12*$BW12),0) -> 0 | CB12: =skemA3!B12 -> 44716 | CC12: =BW12 -> 0 | CD12: =BR12 -> 654.95 | CE12: =IF($CC12>0,$CD12*$CC12,0) -> 0 | CF12: =IF($CC12<0,ABS($CD12*$CC12),0) -> 0 | CK12: - | CL12: 3210.8 | CM12: 2316.6 | CN12: =IF((CL11-CL12)<0,(CL11-CL12),0) -> 0 | CO12: =IF((CM11-CM12)<0,(CM11-CM12),0) -> 0
B13: =skemA3!B13 -> 44717 | C13: ='Tabel 6'!E14 -> 1 | D13: =skemA3!D51 -> 801.9 | E13: =IF($C13>0,$D13*$C13,0) -> 801.9 | F13: =IF($C13<0,ABS($D13*$C13),0) -> 0 | H13: =skemA3!B13 -> 44717 | I13: ='Tabel 6'!E14 -> 1 | J13: =skemA3!E51 -> 793.5 | K13: =IF($I13>0,$J13*$I13,0) -> 793.5 | L13: =IF($I13<0,ABS($J13*$I13),0) -> 0 | N13: =skemA3!B13 -> 44717 | O13: ='Tabel 6'!F14 -> -1 | P13: =D13 -> 801.9 | Q13: =IF($O13>0,$P13*$O13,0) -> 0 | R13: =IF($O13<0,ABS($P13*$O13),0) -> 801.9 | T13: =skemA3!B13 -> 44717 | U13: =O13 -> -1 | V13: =J13 -> 793.5 | W13: =IF($U13>0,$V13*$U13,0) -> 0 | X13: =IF($U13<0,ABS($V13*$U13),0) -> 793.5 | Z13: =skemA3!B13 -> 44717 | AA13: ='Tabel 6'!G14 -> 1 | AB13: =P13 -> 801.9 | AC13: =IF($AA13>0,$AB13*$AA13,0) -> 801.9 | AD13: =IF($AA13<0,ABS($AB13*$AA13),0) -> 0 | AF13: =skemA3!B13 -> 44717 | AG13: =AA13 -> 1 | AH13: =V13 -> 793.5 | AI13: =IF($AG13>0,$AH13*$AG13,0) -> 793.5 | AJ13: =IF($AG13<0,ABS($AH13*$AG13),0) -> 0 | AL13: =skemA3!B13 -> 44717 | AM13: ='Tabel 6'!H14 -> -1 | AN13: =AB13 -> 801.9 | AO13: =IF($AM13>0,$AN13*$AM13,0) -> 0 | AP13: =IF($AM13<0,ABS($AN13*$AM13),0) -> 801.9 | AR13: =skemA3!B13 -> 44717 | AS13: =AM13 -> -1 | AT13: =AH13 -> 793.5 | AU13: =IF($AS13>0,$AT13*$AS13,0) -> 0 | AV13: =IF($AS13<0,ABS($AT13*$AS13),0) -> 793.5 | AX13: =skemA3!B13 -> 44717 | AY13: ='Tabel 6'!I14 -> -1 | AZ13: =AN13 -> 801.9 | BA13: =IF($AY13>0,$AZ13*$AY13,0) -> 0 | BB13: =IF($AY13<0,ABS($AZ13*$AY13),0) -> 801.9 | BD13: =skemA3!B13 -> 44717 | BE13: =AY13 -> -1 | BF13: =AT13 -> 793.5 | BG13: =IF($BE13>0,$BF13*$BE13,0) -> 0 | BH13: =IF($BE13<0,ABS($BF13*$BE13),0) -> 793.5 | BJ13: =skemA3!B13 -> 44717 | BK13: ='Tabel 6'!J14 -> 1 | BL13: =AZ13 -> 801.9 | BM13: =IF($BK13>0,$BL13*$BK13,0) -> 801.9 | BN13: =IF($BK13<0,ABS($BL13*$BK13),0) -> 0 | BP13: =skemA3!B13 -> 44717 | BQ13: =BK13 -> 1 | BR13: =BF13 -> 793.5 | BS13: =IF($BQ13>0,$BR13*$BQ13,0) -> 793.5 | BT13: =IF($BQ13<0,ABS($BR13*$BQ13),0) -> 0 | BV13: =skemA3!B13 -> 44717 | BW13: ='Tabel 6'!K14 -> -1 | BX13: =BL13 -> 801.9 | BY13: =IF($BW13>0,$BX13*$BW13,0) -> 0 | BZ13: =IF($BW13<0,ABS($BX13*$BW13),0) -> 801.9 | CB13: =skemA3!B13 -> 44717 | CC13: =BW13 -> -1 | CD13: =BR13 -> 793.5 | CE13: =IF($CC13>0,$CD13*$CC13,0) -> 0 | CF13: =IF($CC13<0,ABS($CD13*$CC13),0) -> 793.5 | CJ13: 13 | CK13: + | CL13: {=TRANSPOSE(AO34:AP34)} -> 3877.2 | CM13: {=TRANSPOSE(AU34:AV34)} -> 4376.6 | CN13: =IF((CL13-CL14+CL15)>0,(CL13-CL14+CL15),0) -> 833.65 | CO13: =IF((CM13-CM14+CM15)>0,(CM13-CM14+CM15),0) -> 86.65
B14: =skemA3!B14 -> 44718 | C14: ='Tabel 6'!E15 -> 1 | D14: =skemA3!D52 -> 750.6 | E14: =IF($C14>0,$D14*$C14,0) -> 750.6 | F14: =IF($C14<0,ABS($D14*$C14),0) -> 0 | H14: =skemA3!B14 -> 44718 | I14: ='Tabel 6'!E15 -> 1 | J14: =skemA3!E52 -> 925.2 | K14: =IF($I14>0,$J14*$I14,0) -> 925.2 | L14: =IF($I14<0,ABS($J14*$I14),0) -> 0 | N14: =skemA3!B14 -> 44718 | O14: ='Tabel 6'!F15 -> -1 | P14: =D14 -> 750.6 | Q14: =IF($O14>0,$P14*$O14,0) -> 0 | R14: =IF($O14<0,ABS($P14*$O14),0) -> 750.6 | T14: =skemA3!B14 -> 44718 | U14: =O14 -> -1 | V14: =J14 -> 925.2 | W14: =IF($U14>0,$V14*$U14,0) -> 0 | X14: =IF($U14<0,ABS($V14*$U14),0) -> 925.2 | Z14: =skemA3!B14 -> 44718 | AA14: ='Tabel 6'!G15 -> 1 | AB14: =P14 -> 750.6 | AC14: =IF($AA14>0,$AB14*$AA14,0) -> 750.6 | AD14: =IF($AA14<0,ABS($AB14*$AA14),0) -> 0 | AF14: =skemA3!B14 -> 44718 | AG14: =AA14 -> 1 | AH14: =V14 -> 925.2 | AI14: =IF($AG14>0,$AH14*$AG14,0) -> 925.2 | AJ14: =IF($AG14<0,ABS($AH14*$AG14),0) -> 0 | AL14: =skemA3!B14 -> 44718 | AM14: ='Tabel 6'!H15 -> -1 | AN14: =AB14 -> 750.6 | AO14: =IF($AM14>0,$AN14*$AM14,0) -> 0 | AP14: =IF($AM14<0,ABS($AN14*$AM14),0) -> 750.6 | AR14: =skemA3!B14 -> 44718 | AS14: =AM14 -> -1 | AT14: =AH14 -> 925.2 | AU14: =IF($AS14>0,$AT14*$AS14,0) -> 0 | AV14: =IF($AS14<0,ABS($AT14*$AS14),0) -> 925.2 | AX14: =skemA3!B14 -> 44718 | AY14: ='Tabel 6'!I15 -> -1 | AZ14: =AN14 -> 750.6 | BA14: =IF($AY14>0,$AZ14*$AY14,0) -> 0 | BB14: =IF($AY14<0,ABS($AZ14*$AY14),0) -> 750.6 | BD14: =skemA3!B14 -> 44718 | BE14: =AY14 -> -1 | BF14: =AT14 -> 925.2 | BG14: =IF($BE14>0,$BF14*$BE14,0) -> 0 | BH14: =IF($BE14<0,ABS($BF14*$BE14),0) -> 925.2 | BJ14: =skemA3!B14 -> 44718 | BK14: ='Tabel 6'!J15 -> -1 | BL14: =AZ14 -> 750.6 | BM14: =IF($BK14>0,$BL14*$BK14,0) -> 0 | BN14: =IF($BK14<0,ABS($BL14*$BK14),0) -> 750.6 | BP14: =skemA3!B14 -> 44718 | BQ14: =BK14 -> -1 | BR14: =BF14 -> 925.2 | BS14: =IF($BQ14>0,$BR14*$BQ14,0) -> 0 | BT14: =IF($BQ14<0,ABS($BR14*$BQ14),0) -> 925.2 | BV14: =skemA3!B14 -> 44718 | BW14: ='Tabel 6'!K15 -> -1 | BX14: =BL14 -> 750.6 | BY14: =IF($BW14>0,$BX14*$BW14,0) -> 0 | BZ14: =IF($BW14<0,ABS($BX14*$BW14),0) -> 750.6 | CB14: =skemA3!B14 -> 44718 | CC14: =BW14 -> -1 | CD14: =BR14 -> 925.2 | CE14: =IF($CC14>0,$CD14*$CC14,0) -> 0 | CF14: =IF($CC14<0,ABS($CD14*$CC14),0) -> 925.2 | CK14: - | CL14: 4043.55 | CM14: 5289.95 | CN14: =IF((CL13-CL14+CL15)<0,(CL13-CL14+CL15),0) -> 0 | CO14: =IF((CM13-CM14+CM15)<0,(CM13-CM14+CM15),0) -> 0
B15: =skemA3!B15 -> 44719 | C15: ='Tabel 6'!E16 -> 1 | D15: =skemA3!D53 -> 656.9 | E15: =IF($C15>0,$D15*$C15,0) -> 656.9 | F15: =IF($C15<0,ABS($D15*$C15),0) -> 0 | H15: =skemA3!B15 -> 44719 | I15: ='Tabel 6'!E16 -> 1 | J15: =skemA3!E53 -> 980.7 | K15: =IF($I15>0,$J15*$I15,0) -> 980.7 | L15: =IF($I15<0,ABS($J15*$I15),0) -> 0 | N15: =skemA3!B15 -> 44719 | O15: ='Tabel 6'!F16 -> -1 | P15: =D15 -> 656.9 | Q15: =IF($O15>0,$P15*$O15,0) -> 0 | R15: =IF($O15<0,ABS($P15*$O15),0) -> 656.9 | T15: =skemA3!B15 -> 44719 | U15: =O15 -> -1 | V15: =J15 -> 980.7 | W15: =IF($U15>0,$V15*$U15,0) -> 0 | X15: =IF($U15<0,ABS($V15*$U15),0) -> 980.7 | Z15: =skemA3!B15 -> 44719 | AA15: ='Tabel 6'!G16 -> 1 | AB15: =P15 -> 656.9 | AC15: =IF($AA15>0,$AB15*$AA15,0) -> 656.9 | AD15: =IF($AA15<0,ABS($AB15*$AA15),0) -> 0 | AF15: =skemA3!B15 -> 44719 | AG15: =AA15 -> 1 | AH15: =V15 -> 980.7 | AI15: =IF($AG15>0,$AH15*$AG15,0) -> 980.7 | AJ15: =IF($AG15<0,ABS($AH15*$AG15),0) -> 0 | AL15: =skemA3!B15 -> 44719 | AM15: ='Tabel 6'!H16 -> -1 | AN15: =AB15 -> 656.9 | AO15: =IF($AM15>0,$AN15*$AM15,0) -> 0 | AP15: =IF($AM15<0,ABS($AN15*$AM15),0) -> 656.9 | AR15: =skemA3!B15 -> 44719 | AS15: =AM15 -> -1 | AT15: =AH15 -> 980.7 | AU15: =IF($AS15>0,$AT15*$AS15,0) -> 0 | AV15: =IF($AS15<0,ABS($AT15*$AS15),0) -> 980.7 | AX15: =skemA3!B15 -> 44719 | AY15: ='Tabel 6'!I16 -> 1 | AZ15: =AN15 -> 656.9 | BA15: =IF($AY15>0,$AZ15*$AY15,0) -> 656.9 | BB15: =IF($AY15<0,ABS($AZ15*$AY15),0) -> 0 | BD15: =skemA3!B15 -> 44719 | BE15: =AY15 -> 1 | BF15: =AT15 -> 980.7 | BG15: =IF($BE15>0,$BF15*$BE15,0) -> 980.7 | BH15: =IF($BE15<0,ABS($BF15*$BE15),0) -> 0 | BJ15: =skemA3!B15 -> 44719 | BK15: ='Tabel 6'!J16 -> -1 | BL15: =AZ15 -> 656.9 | BM15: =IF($BK15>0,$BL15*$BK15,0) -> 0 | BN15: =IF($BK15<0,ABS($BL15*$BK15),0) -> 656.9 | BP15: =skemA3!B15 -> 44719 | BQ15: =BK15 -> -1 | BR15: =BF15 -> 980.7 | BS15: =IF($BQ15>0,$BR15*$BQ15,0) -> 0 | BT15: =IF($BQ15<0,ABS($BR15*$BQ15),0) -> 980.7 | BV15: =skemA3!B15 -> 44719 | BW15: ='Tabel 6'!K16 -> -1 | BX15: =BL15 -> 656.9 | BY15: =IF($BW15>0,$BX15*$BW15,0) -> 0 | BZ15: =IF($BW15<0,ABS($BX15*$BW15),0) -> 656.9 | CB15: =skemA3!B15 -> 44719 | CC15: =BW15 -> -1 | CD15: =BR15 -> 980.7 | CE15: =IF($CC15>0,$CD15*$CC15,0) -> 0 | CF15: =IF($CC15<0,ABS($CD15*$CC15),0) -> 980.7 | CK15: + | CL15: =ABS(skemA3!E42*'Tabel 6'!H4) -> 1000 | CM15: =ABS(skemA3!E42*'Tabel 6'!H4) -> 1000
B16: =skemA3!B16 -> 44720 | C16: ='Tabel 6'!E17 -> 1 | D16: =skemA3!D54 -> 532.3 | E16: =IF($C16>0,$D16*$C16,0) -> 532.3 | F16: =IF($C16<0,ABS($D16*$C16),0) -> 0 | H16: =skemA3!B16 -> 44720 | I16: ='Tabel 6'!E17 -> 1 | J16: =skemA3!E54 -> 1034.3 | K16: =IF($I16>0,$J16*$I16,0) -> 1034.3 | L16: =IF($I16<0,ABS($J16*$I16),0) -> 0 | N16: =skemA3!B16 -> 44720 | O16: ='Tabel 6'!F17 -> 1 | P16: =D16 -> 532.3 | Q16: =IF($O16>0,$P16*$O16,0) -> 532.3 | R16: =IF($O16<0,ABS($P16*$O16),0) -> 0 | T16: =skemA3!B16 -> 44720 | U16: =O16 -> 1 | V16: =J16 -> 1034.3 | W16: =IF($U16>0,$V16*$U16,0) -> 1034.3 | X16: =IF($U16<0,ABS($V16*$U16),0) -> 0 | Z16: =skemA3!B16 -> 44720 | AA16: ='Tabel 6'!G17 -> 1 | AB16: =P16 -> 532.3 | AC16: =IF($AA16>0,$AB16*$AA16,0) -> 532.3 | AD16: =IF($AA16<0,ABS($AB16*$AA16),0) -> 0 | AF16: =skemA3!B16 -> 44720 | AG16: =AA16 -> 1 | AH16: =V16 -> 1034.3 | AI16: =IF($AG16>0,$AH16*$AG16,0) -> 1034.3 | AJ16: =IF($AG16<0,ABS($AH16*$AG16),0) -> 0 | AL16: =skemA3!B16 -> 44720 | AM16: ='Tabel 6'!H17 -> -1 | AN16: =AB16 -> 532.3 | AO16: =IF($AM16>0,$AN16*$AM16,0) -> 0 | AP16: =IF($AM16<0,ABS($AN16*$AM16),0) -> 532.3 | AR16: =skemA3!B16 -> 44720 | AS16: =AM16 -> -1 | AT16: =AH16 -> 1034.3 | AU16: =IF($AS16>0,$AT16*$AS16,0) -> 0 | AV16: =IF($AS16<0,ABS($AT16*$AS16),0) -> 1034.3 | AX16: =skemA3!B16 -> 44720 | AY16: ='Tabel 6'!I17 -> 1 | AZ16: =AN16 -> 532.3 | BA16: =IF($AY16>0,$AZ16*$AY16,0) -> 532.3 | BB16: =IF($AY16<0,ABS($AZ16*$AY16),0) -> 0 | BD16: =skemA3!B16 -> 44720 | BE16: =AY16 -> 1 | BF16: =AT16 -> 1034.3 | BG16: =IF($BE16>0,$BF16*$BE16,0) -> 1034.3 | BH16: =IF($BE16<0,ABS($BF16*$BE16),0) -> 0 | BJ16: =skemA3!B16 -> 44720 | BK16: ='Tabel 6'!J17 -> -1 | BL16: =AZ16 -> 532.3 | BM16: =IF($BK16>0,$BL16*$BK16,0) -> 0 | BN16: =IF($BK16<0,ABS($BL16*$BK16),0) -> 532.3 | BP16: =skemA3!B16 -> 44720 | BQ16: =BK16 -> -1 | BR16: =BF16 -> 1034.3 | BS16: =IF($BQ16>0,$BR16*$BQ16,0) -> 0 | BT16: =IF($BQ16<0,ABS($BR16*$BQ16),0) -> 1034.3 | BV16: =skemA3!B16 -> 44720 | BW16: ='Tabel 6'!K17 -> 1 | BX16: =BL16 -> 532.3 | BY16: =IF($BW16>0,$BX16*$BW16,0) -> 532.3 | BZ16: =IF($BW16<0,ABS($BX16*$BW16),0) -> 0 | CB16: =skemA3!B16 -> 44720 | CC16: =BW16 -> 1 | CD16: =BR16 -> 1034.3 | CE16: =IF($CC16>0,$CD16*$CC16,0) -> 1034.3 | CF16: =IF($CC16<0,ABS($CD16*$CC16),0) -> 0 | CJ16: 1c | CK16: + | CL16: {=TRANSPOSE(BA34:BB34)} -> 3855 | CM16: {=TRANSPOSE(BG34:BH34)} -> 5711.8 | CN16: =IF((CL16-CL17)>0,(CL16-CL17),0) -> 0 | CO16: =IF((CM16-CM17)>0,(CM16-CM17),0) -> 2394.95
B17: =skemA3!B17 -> 44721 | C17: ='Tabel 6'!E18 -> 1 | D17: =skemA3!D55 -> 414 | E17: =IF($C17>0,$D17*$C17,0) -> 414 | F17: =IF($C17<0,ABS($D17*$C17),0) -> 0 | H17: =skemA3!B17 -> 44721 | I17: ='Tabel 6'!E18 -> 1 | J17: =skemA3!E55 -> 940.4 | K17: =IF($I17>0,$J17*$I17,0) -> 940.4 | L17: =IF($I17<0,ABS($J17*$I17),0) -> 0 | N17: =skemA3!B17 -> 44721 | O17: ='Tabel 6'!F18 -> 1 | P17: =D17 -> 414 | Q17: =IF($O17>0,$P17*$O17,0) -> 414 | R17: =IF($O17<0,ABS($P17*$O17),0) -> 0 | T17: =skemA3!B17 -> 44721 | U17: =O17 -> 1 | V17: =J17 -> 940.4 | W17: =IF($U17>0,$V17*$U17,0) -> 940.4 | X17: =IF($U17<0,ABS($V17*$U17),0) -> 0 | Z17: =skemA3!B17 -> 44721 | AA17: ='Tabel 6'!G18 -> 1 | AB17: =P17 -> 414 | AC17: =IF($AA17>0,$AB17*$AA17,0) -> 414 | AD17: =IF($AA17<0,ABS($AB17*$AA17),0) -> 0 | AF17: =skemA3!B17 -> 44721 | AG17: =AA17 -> 1 | AH17: =V17 -> 940.4 | AI17: =IF($AG17>0,$AH17*$AG17,0) -> 940.4 | AJ17: =IF($AG17<0,ABS($AH17*$AG17),0) -> 0 | AL17: =skemA3!B17 -> 44721 | AM17: ='Tabel 6'!H18 -> 1 | AN17: =AB17 -> 414 | AO17: =IF($AM17>0,$AN17*$AM17,0) -> 414 | AP17: =IF($AM17<0,ABS($AN17*$AM17),0) -> 0 | AR17: =skemA3!B17 -> 44721 | AS17: =AM17 -> 1 | AT17: =AH17 -> 940.4 | AU17: =IF($AS17>0,$AT17*$AS17,0) -> 940.4 | AV17: =IF($AS17<0,ABS($AT17*$AS17),0) -> 0 | AX17: =skemA3!B17 -> 44721 | AY17: ='Tabel 6'!I18 -> 1 | AZ17: =AN17 -> 414 | BA17: =IF($AY17>0,$AZ17*$AY17,0) -> 414 | BB17: =IF($AY17<0,ABS($AZ17*$AY17),0) -> 0 | BD17: =skemA3!B17 -> 44721 | BE17: =AY17 -> 1 | BF17: =AT17 -> 940.4 | BG17: =IF($BE17>0,$BF17*$BE17,0) -> 940.4 | BH17: =IF($BE17<0,ABS($BF17*$BE17),0) -> 0 | BJ17: =skemA3!B17 -> 44721 | BK17: ='Tabel 6'!J18 -> -1 | BL17: =AZ17 -> 414 | BM17: =IF($BK17>0,$BL17*$BK17,0) -> 0 | BN17: =IF($BK17<0,ABS($BL17*$BK17),0) -> 414 | BP17: =skemA3!B17 -> 44721 | BQ17: =BK17 -> -1 | BR17: =BF17 -> 940.4 | BS17: =IF($BQ17>0,$BR17*$BQ17,0) -> 0 | BT17: =IF($BQ17<0,ABS($BR17*$BQ17),0) -> 940.4 | BV17: =skemA3!B17 -> 44721 | BW17: ='Tabel 6'!K18 -> 1 | BX17: =BL17 -> 414 | BY17: =IF($BW17>0,$BX17*$BW17,0) -> 414 | BZ17: =IF($BW17<0,ABS($BX17*$BW17),0) -> 0 | CB17: =skemA3!B17 -> 44721 | CC17: =BW17 -> 1 | CD17: =BR17 -> 940.4 | CE17: =IF($CC17>0,$CD17*$CC17,0) -> 940.4 | CF17: =IF($CC17<0,ABS($CD17*$CC17),0) -> 0 | CK17: - | CL17: 3856.65 | CM17: 3316.85 | CN17: =IF((CL16-CL17)<0,(CL16-CL17),0) -> -1.65 | CO17: =IF((CM16-CM17)<0,(CM16-CM17),0) -> 0
B18: =skemA3!B18 -> 44722 | C18: ='Tabel 6'!E19 -> 1 | D18: =skemA3!D56 -> 313.5 | E18: =IF($C18>0,$D18*$C18,0) -> 313.5 | F18: =IF($C18<0,ABS($D18*$C18),0) -> 0 | H18: =skemA3!B18 -> 44722 | I18: ='Tabel 6'!E19 -> 1 | J18: =skemA3!E56 -> 853.7 | K18: =IF($I18>0,$J18*$I18,0) -> 853.7 | L18: =IF($I18<0,ABS($J18*$I18),0) -> 0 | N18: =skemA3!B18 -> 44722 | O18: ='Tabel 6'!F19 -> 1 | P18: =D18 -> 313.5 | Q18: =IF($O18>0,$P18*$O18,0) -> 313.5 | R18: =IF($O18<0,ABS($P18*$O18),0) -> 0 | T18: =skemA3!B18 -> 44722 | U18: =O18 -> 1 | V18: =J18 -> 853.7 | W18: =IF($U18>0,$V18*$U18,0) -> 853.7 | X18: =IF($U18<0,ABS($V18*$U18),0) -> 0 | Z18: =skemA3!B18 -> 44722 | AA18: ='Tabel 6'!G19 -> 1 | AB18: =P18 -> 313.5 | AC18: =IF($AA18>0,$AB18*$AA18,0) -> 313.5 | AD18: =IF($AA18<0,ABS($AB18*$AA18),0) -> 0 | AF18: =skemA3!B18 -> 44722 | AG18: =AA18 -> 1 | AH18: =V18 -> 853.7 | AI18: =IF($AG18>0,$AH18*$AG18,0) -> 853.7 | AJ18: =IF($AG18<0,ABS($AH18*$AG18),0) -> 0 | AL18: =skemA3!B18 -> 44722 | AM18: ='Tabel 6'!H19 -> 1 | AN18: =AB18 -> 313.5 | AO18: =IF($AM18>0,$AN18*$AM18,0) -> 313.5 | AP18: =IF($AM18<0,ABS($AN18*$AM18),0) -> 0 | AR18: =skemA3!B18 -> 44722 | AS18: =AM18 -> 1 | AT18: =AH18 -> 853.7 | AU18: =IF($AS18>0,$AT18*$AS18,0) -> 853.7 | AV18: =IF($AS18<0,ABS($AT18*$AS18),0) -> 0 | AX18: =skemA3!B18 -> 44722 | AY18: ='Tabel 6'!I19 -> 1 | AZ18: =AN18 -> 313.5 | BA18: =IF($AY18>0,$AZ18*$AY18,0) -> 313.5 | BB18: =IF($AY18<0,ABS($AZ18*$AY18),0) -> 0 | BD18: =skemA3!B18 -> 44722 | BE18: =AY18 -> 1 | BF18: =AT18 -> 853.7 | BG18: =IF($BE18>0,$BF18*$BE18,0) -> 853.7 | BH18: =IF($BE18<0,ABS($BF18*$BE18),0) -> 0 | BJ18: =skemA3!B18 -> 44722 | BK18: ='Tabel 6'!J19 -> 1 | BL18: =AZ18 -> 313.5 | BM18: =IF($BK18>0,$BL18*$BK18,0) -> 313.5 | BN18: =IF($BK18<0,ABS($BL18*$BK18),0) -> 0 | BP18: =skemA3!B18 -> 44722 | BQ18: =BK18 -> 1 | BR18: =BF18 -> 853.7 | BS18: =IF($BQ18>0,$BR18*$BQ18,0) -> 853.7 | BT18: =IF($BQ18<0,ABS($BR18*$BQ18),0) -> 0 | BV18: =skemA3!B18 -> 44722 | BW18: ='Tabel 6'!K19 -> 1 | BX18: =BL18 -> 313.5 | BY18: =IF($BW18>0,$BX18*$BW18,0) -> 313.5 | BZ18: =IF($BW18<0,ABS($BX18*$BW18),0) -> 0 | CB18: =skemA3!B18 -> 44722 | CC18: =BW18 -> 1 | CD18: =BR18 -> 853.7 | CE18: =IF($CC18>0,$CD18*$CC18,0) -> 853.7 | CF18: =IF($CC18<0,ABS($CD18*$CC18),0) -> 0 | CJ18: 20 | CK18: + | CL18: =skemA3!F72 -> 15947.55 | CM18: =skemA3!G72 -> 21749.55 | CN18: =IF((CL18-CL19)>0,(CL18-CL19),0) -> 0 | CO18: =IF((CM18-CM19)>0,(CM18-CM19),0) -> 0
B19: =skemA3!B19 -> 44723 | C19: ='Tabel 6'!E20 -> 1 | D19: =skemA3!D57 -> 209.1 | E19: =IF($C19>0,$D19*$C19,0) -> 209.1 | F19: =IF($C19<0,ABS($D19*$C19),0) -> 0 | H19: =skemA3!B19 -> 44723 | I19: ='Tabel 6'!E20 -> 1 | J19: =skemA3!E57 -> 637.9 | K19: =IF($I19>0,$J19*$I19,0) -> 637.9 | L19: =IF($I19<0,ABS($J19*$I19),0) -> 0 | N19: =skemA3!B19 -> 44723 | O19: ='Tabel 6'!F20 -> 1 | P19: =D19 -> 209.1 | Q19: =IF($O19>0,$P19*$O19,0) -> 209.1 | R19: =IF($O19<0,ABS($P19*$O19),0) -> 0 | T19: =skemA3!B19 -> 44723 | U19: =O19 -> 1 | V19: =J19 -> 637.9 | W19: =IF($U19>0,$V19*$U19,0) -> 637.9 | X19: =IF($U19<0,ABS($V19*$U19),0) -> 0 | Z19: =skemA3!B19 -> 44723 | AA19: ='Tabel 6'!G20 -> 0 | AB19: =P19 -> 209.1 | AC19: =IF($AA19>0,$AB19*$AA19,0) -> 0 | AD19: =IF($AA19<0,ABS($AB19*$AA19),0) -> 0 | AF19: =skemA3!B19 -> 44723 | AG19: =AA19 -> 0 | AH19: =V19 -> 637.9 | AI19: =IF($AG19>0,$AH19*$AG19,0) -> 0 | AJ19: =IF($AG19<0,ABS($AH19*$AG19),0) -> 0 | AL19: =skemA3!B19 -> 44723 | AM19: ='Tabel 6'!H20 -> 1 | AN19: =AB19 -> 209.1 | AO19: =IF($AM19>0,$AN19*$AM19,0) -> 209.1 | AP19: =IF($AM19<0,ABS($AN19*$AM19),0) -> 0 | AR19: =skemA3!B19 -> 44723 | AS19: =AM19 -> 1 | AT19: =AH19 -> 637.9 | AU19: =IF($AS19>0,$AT19*$AS19,0) -> 637.9 | AV19: =IF($AS19<0,ABS($AT19*$AS19),0) -> 0 | AX19: =skemA3!B19 -> 44723 | AY19: ='Tabel 6'!I20 -> 0 | AZ19: =AN19 -> 209.1 | BA19: =IF($AY19>0,$AZ19*$AY19,0) -> 0 | BB19: =IF($AY19<0,ABS($AZ19*$AY19),0) -> 0 | BD19: =skemA3!B19 -> 44723 | BE19: =AY19 -> 0 | BF19: =AT19 -> 637.9 | BG19: =IF($BE19>0,$BF19*$BE19,0) -> 0 | BH19: =IF($BE19<0,ABS($BF19*$BE19),0) -> 0 | BJ19: =skemA3!B19 -> 44723 | BK19: ='Tabel 6'!J20 -> 1 | BL19: =AZ19 -> 209.1 | BM19: =IF($BK19>0,$BL19*$BK19,0) -> 209.1 | BN19: =IF($BK19<0,ABS($BL19*$BK19),0) -> 0 | BP19: =skemA3!B19 -> 44723 | BQ19: =BK19 -> 1 | BR19: =BF19 -> 637.9 | BS19: =IF($BQ19>0,$BR19*$BQ19,0) -> 637.9 | BT19: =IF($BQ19<0,ABS($BR19*$BQ19),0) -> 0 | BV19: =skemA3!B19 -> 44723 | BW19: ='Tabel 6'!K20 -> 0 | BX19: =BL19 -> 209.1 | BY19: =IF($BW19>0,$BX19*$BW19,0) -> 0 | BZ19: =IF($BW19<0,ABS($BX19*$BW19),0) -> 0 | CB19: =skemA3!B19 -> 44723 | CC19: =BW19 -> 0 | CD19: =BR19 -> 637.9 | CE19: =IF($CC19>0,$CD19*$CC19,0) -> 0 | CF19: =IF($CC19<0,ABS($CD19*$CC19),0) -> 0 | CK19: - | CL19: =ABS(skemA3!F42*'Tabel 6'!E4) -> 26100 | CM19: =ABS(skemA3!G42*'Tabel 6'!E4) -> 29000 | CN19: =IF((CL18-CL19)<0,(CL18-CL19),0) -> -10152.45 | CO19: =IF((CM18-CM19)<0,(CM18-CM19),0) -> -7250.45
B20: =skemA3!B20 -> 44724 | C20: ='Tabel 6'!E21 -> 1 | D20: =skemA3!D58 -> 161.3 | E20: =IF($C20>0,$D20*$C20,0) -> 161.3 | F20: =IF($C20<0,ABS($D20*$C20),0) -> 0 | H20: =skemA3!B20 -> 44724 | I20: ='Tabel 6'!E21 -> 1 | J20: =skemA3!E58 -> 383.1 | K20: =IF($I20>0,$J20*$I20,0) -> 383.1 | L20: =IF($I20<0,ABS($J20*$I20),0) -> 0 | N20: =skemA3!B20 -> 44724 | O20: ='Tabel 6'!F21 -> 1 | P20: =D20 -> 161.3 | Q20: =IF($O20>0,$P20*$O20,0) -> 161.3 | R20: =IF($O20<0,ABS($P20*$O20),0) -> 0 | T20: =skemA3!B20 -> 44724 | U20: =O20 -> 1 | V20: =J20 -> 383.1 | W20: =IF($U20>0,$V20*$U20,0) -> 383.1 | X20: =IF($U20<0,ABS($V20*$U20),0) -> 0 | Z20: =skemA3!B20 -> 44724 | AA20: ='Tabel 6'!G21 -> -1 | AB20: =P20 -> 161.3 | AC20: =IF($AA20>0,$AB20*$AA20,0) -> 0 | AD20: =IF($AA20<0,ABS($AB20*$AA20),0) -> 161.3 | AF20: =skemA3!B20 -> 44724 | AG20: =AA20 -> -1 | AH20: =V20 -> 383.1 | AI20: =IF($AG20>0,$AH20*$AG20,0) -> 0 | AJ20: =IF($AG20<0,ABS($AH20*$AG20),0) -> 383.1 | AL20: =skemA3!B20 -> 44724 | AM20: ='Tabel 6'!H21 -> 1 | AN20: =AB20 -> 161.3 | AO20: =IF($AM20>0,$AN20*$AM20,0) -> 161.3 | AP20: =IF($AM20<0,ABS($AN20*$AM20),0) -> 0 | AR20: =skemA3!B20 -> 44724 | AS20: =AM20 -> 1 | AT20: =AH20 -> 383.1 | AU20: =IF($AS20>0,$AT20*$AS20,0) -> 383.1 | AV20: =IF($AS20<0,ABS($AT20*$AS20),0) -> 0 | AX20: =skemA3!B20 -> 44724 | AY20: ='Tabel 6'!I21 -> -1 | AZ20: =AN20 -> 161.3 | BA20: =IF($AY20>0,$AZ20*$AY20,0) -> 0 | BB20: =IF($AY20<0,ABS($AZ20*$AY20),0) -> 161.3 | BD20: =skemA3!B20 -> 44724 | BE20: =AY20 -> -1 | BF20: =AT20 -> 383.1 | BG20: =IF($BE20>0,$BF20*$BE20,0) -> 0 | BH20: =IF($BE20<0,ABS($BF20*$BE20),0) -> 383.1 | BJ20: =skemA3!B20 -> 44724 | BK20: ='Tabel 6'!J21 -> 1 | BL20: =AZ20 -> 161.3 | BM20: =IF($BK20>0,$BL20*$BK20,0) -> 161.3 | BN20: =IF($BK20<0,ABS($BL20*$BK20),0) -> 0 | BP20: =skemA3!B20 -> 44724 | BQ20: =BK20 -> 1 | BR20: =BF20 -> 383.1 | BS20: =IF($BQ20>0,$BR20*$BQ20,0) -> 383.1 | BT20: =IF($BQ20<0,ABS($BR20*$BQ20),0) -> 0 | BV20: =skemA3!B20 -> 44724 | BW20: ='Tabel 6'!K21 -> -1 | BX20: =BL20 -> 161.3 | BY20: =IF($BW20>0,$BX20*$BW20,0) -> 0 | BZ20: =IF($BW20<0,ABS($BX20*$BW20),0) -> 161.3 | CB20: =skemA3!B20 -> 44724 | CC20: =BW20 -> -1 | CD20: =BR20 -> 383.1 | CE20: =IF($CC20>0,$CD20*$CC20,0) -> 0 | CF20: =IF($CC20<0,ABS($CD20*$CC20),0) -> 383.1 | CJ20: 22 | CK20: + | CL20: {=TRANSPOSE(Q67:R67)} -> 3810.5 | CM20: {=TRANSPOSE(W67:X67)} -> 8542.3 | CN20: =IF((CL20-CL21+CL22)>0,(CL20-CL21+CL22),0) -> 1358.45 | CO20: =IF((CM20-CM21+CM22)>0,(CM20-CM21+CM22),0) -> 7234.85
B21: =skemA3!B21 -> 44725 | C21: ='Tabel 6'!E22 -> 1 | D21: =skemA3!D59 -> 247.3 | E21: =IF($C21>0,$D21*$C21,0) -> 247.3 | F21: =IF($C21<0,ABS($D21*$C21),0) -> 0 | H21: =skemA3!B21 -> 44725 | I21: ='Tabel 6'!E22 -> 1 | J21: =skemA3!E59 -> 161.1 | K21: =IF($I21>0,$J21*$I21,0) -> 161.1 | L21: =IF($I21<0,ABS($J21*$I21),0) -> 0 | N21: =skemA3!B21 -> 44725 | O21: ='Tabel 6'!F22 -> 1 | P21: =D21 -> 247.3 | Q21: =IF($O21>0,$P21*$O21,0) -> 247.3 | R21: =IF($O21<0,ABS($P21*$O21),0) -> 0 | T21: =skemA3!B21 -> 44725 | U21: =O21 -> 1 | V21: =J21 -> 161.1 | W21: =IF($U21>0,$V21*$U21,0) -> 161.1 | X21: =IF($U21<0,ABS($V21*$U21),0) -> 0 | Z21: =skemA3!B21 -> 44725 | AA21: ='Tabel 6'!G22 -> -1 | AB21: =P21 -> 247.3 | AC21: =IF($AA21>0,$AB21*$AA21,0) -> 0 | AD21: =IF($AA21<0,ABS($AB21*$AA21),0) -> 247.3 | AF21: =skemA3!B21 -> 44725 | AG21: =AA21 -> -1 | AH21: =V21 -> 161.1 | AI21: =IF($AG21>0,$AH21*$AG21,0) -> 0 | AJ21: =IF($AG21<0,ABS($AH21*$AG21),0) -> 161.1 | AL21: =skemA3!B21 -> 44725 | AM21: ='Tabel 6'!H22 -> 1 | AN21: =AB21 -> 247.3 | AO21: =IF($AM21>0,$AN21*$AM21,0) -> 247.3 | AP21: =IF($AM21<0,ABS($AN21*$AM21),0) -> 0 | AR21: =skemA3!B21 -> 44725 | AS21: =AM21 -> 1 | AT21: =AH21 -> 161.1 | AU21: =IF($AS21>0,$AT21*$AS21,0) -> 161.1 | AV21: =IF($AS21<0,ABS($AT21*$AS21),0) -> 0 | AX21: =skemA3!B21 -> 44725 | AY21: ='Tabel 6'!I22 -> -1 | AZ21: =AN21 -> 247.3 | BA21: =IF($AY21>0,$AZ21*$AY21,0) -> 0 | BB21: =IF($AY21<0,ABS($AZ21*$AY21),0) -> 247.3 | BD21: =skemA3!B21 -> 44725 | BE21: =AY21 -> -1 | BF21: =AT21 -> 161.1 | BG21: =IF($BE21>0,$BF21*$BE21,0) -> 0 | BH21: =IF($BE21<0,ABS($BF21*$BE21),0) -> 161.1 | BJ21: =skemA3!B21 -> 44725 | BK21: ='Tabel 6'!J22 -> -1 | BL21: =AZ21 -> 247.3 | BM21: =IF($BK21>0,$BL21*$BK21,0) -> 0 | BN21: =IF($BK21<0,ABS($BL21*$BK21),0) -> 247.3 | BP21: =skemA3!B21 -> 44725 | BQ21: =BK21 -> -1 | BR21: =BF21 -> 161.1 | BS21: =IF($BQ21>0,$BR21*$BQ21,0) -> 0 | BT21: =IF($BQ21<0,ABS($BR21*$BQ21),0) -> 161.1 | BV21: =skemA3!B21 -> 44725 | BW21: ='Tabel 6'!K22 -> -1 | BX21: =BL21 -> 247.3 | BY21: =IF($BW21>0,$BX21*$BW21,0) -> 0 | BZ21: =IF($BW21<0,ABS($BX21*$BW21),0) -> 247.3 | CB21: =skemA3!B21 -> 44725 | CC21: =BW21 -> -1 | CD21: =BR21 -> 161.1 | CE21: =IF($CC21>0,$CD21*$CC21,0) -> 0 | CF21: =IF($CC21<0,ABS($CD21*$CC21),0) -> 161.1 | CK21: - | CL21: 3352.05 | CM21: 2307.45 | CN21: =IF((CL20-CL21+CL22)<0,(CL20-CL21+CL22),0) -> 0 | CO21: =IF((CM20-CM21+CM22)<0,(CM20-CM21+CM22),0) -> 0
B22: =skemA3!B22 -> 44726 | C22: ='Tabel 6'!E23 -> 1 | D22: =skemA3!D60 -> 393.2 | E22: =IF($C22>0,$D22*$C22,0) -> 393.2 | F22: =IF($C22<0,ABS($D22*$C22),0) -> 0 | H22: =skemA3!B22 -> 44726 | I22: ='Tabel 6'!E23 -> 1 | J22: =skemA3!E60 -> 19.2 | K22: =IF($I22>0,$J22*$I22,0) -> 19.2 | L22: =IF($I22<0,ABS($J22*$I22),0) -> 0 | N22: =skemA3!B22 -> 44726 | O22: ='Tabel 6'!F23 -> 1 | P22: =D22 -> 393.2 | Q22: =IF($O22>0,$P22*$O22,0) -> 393.2 | R22: =IF($O22<0,ABS($P22*$O22),0) -> 0 | T22: =skemA3!B22 -> 44726 | U22: =O22 -> 1 | V22: =J22 -> 19.2 | W22: =IF($U22>0,$V22*$U22,0) -> 19.2 | X22: =IF($U22<0,ABS($V22*$U22),0) -> 0 | Z22: =skemA3!B22 -> 44726 | AA22: ='Tabel 6'!G23 -> -1 | AB22: =P22 -> 393.2 | AC22: =IF($AA22>0,$AB22*$AA22,0) -> 0 | AD22: =IF($AA22<0,ABS($AB22*$AA22),0) -> 393.2 | AF22: =skemA3!B22 -> 44726 | AG22: =AA22 -> -1 | AH22: =V22 -> 19.2 | AI22: =IF($AG22>0,$AH22*$AG22,0) -> 0 | AJ22: =IF($AG22<0,ABS($AH22*$AG22),0) -> 19.2 | AL22: =skemA3!B22 -> 44726 | AM22: ='Tabel 6'!H23 -> -1 | AN22: =AB22 -> 393.2 | AO22: =IF($AM22>0,$AN22*$AM22,0) -> 0 | AP22: =IF($AM22<0,ABS($AN22*$AM22),0) -> 393.2 | AR22: =skemA3!B22 -> 44726 | AS22: =AM22 -> -1 | AT22: =AH22 -> 19.2 | AU22: =IF($AS22>0,$AT22*$AS22,0) -> 0 | AV22: =IF($AS22<0,ABS($AT22*$AS22),0) -> 19.2 | AX22: =skemA3!B22 -> 44726 | AY22: ='Tabel 6'!I23 -> -1 | AZ22: =AN22 -> 393.2 | BA22: =IF($AY22>0,$AZ22*$AY22,0) -> 0 | BB22: =IF($AY22<0,ABS($AZ22*$AY22),0) -> 393.2 | BD22: =skemA3!B22 -> 44726 | BE22: =AY22 -> -1 | BF22: =AT22 -> 19.2 | BG22: =IF($BE22>0,$BF22*$BE22,0) -> 0 | BH22: =IF($BE22<0,ABS($BF22*$BE22),0) -> 19.2 | BJ22: =skemA3!B22 -> 44726 | BK22: ='Tabel 6'!J23 -> -1 | BL22: =AZ22 -> 393.2 | BM22: =IF($BK22>0,$BL22*$BK22,0) -> 0 | BN22: =IF($BK22<0,ABS($BL22*$BK22),0) -> 393.2 | BP22: =skemA3!B22 -> 44726 | BQ22: =BK22 -> -1 | BR22: =BF22 -> 19.2 | BS22: =IF($BQ22>0,$BR22*$BQ22,0) -> 0 | BT22: =IF($BQ22<0,ABS($BR22*$BQ22),0) -> 19.2 | BV22: =skemA3!B22 -> 44726 | BW22: ='Tabel 6'!K23 -> -1 | BX22: =BL22 -> 393.2 | BY22: =IF($BW22>0,$BX22*$BW22,0) -> 0 | BZ22: =IF($BW22<0,ABS($BX22*$BW22),0) -> 393.2 | CB22: =skemA3!B22 -> 44726 | CC22: =BW22 -> -1 | CD22: =BR22 -> 19.2 | CE22: =IF($CC22>0,$CD22*$CC22,0) -> 0 | CF22: =IF($CC22<0,ABS($CD22*$CC22),0) -> 19.2 | CK22: + | CL22: =ABS(skemA3!F42*'Tabel 6'!F4) -> 900 | CM22: =ABS(skemA3!G42*'Tabel 6'!F4) -> 1000
B23: =skemA3!B23 -> 44727 | C23: ='Tabel 6'!E24 -> 1 | D23: =skemA3!D61 -> 582.5 | E23: =IF($C23>0,$D23*$C23,0) -> 582.5 | F23: =IF($C23<0,ABS($D23*$C23),0) -> 0 | H23: =skemA3!B23 -> 44727 | I23: ='Tabel 6'!E24 -> 1 | J23: =skemA3!E61 -> -1.7 | K23: =IF($I23>0,$J23*$I23,0) -> -1.7 | L23: =IF($I23<0,ABS($J23*$I23),0) -> 0 | N23: =skemA3!B23 -> 44727 | O23: ='Tabel 6'!F24 -> -1 | P23: =D23 -> 582.5 | Q23: =IF($O23>0,$P23*$O23,0) -> 0 | R23: =IF($O23<0,ABS($P23*$O23),0) -> 582.5 | T23: =skemA3!B23 -> 44727 | U23: =O23 -> -1 | V23: =J23 -> -1.7 | W23: =IF($U23>0,$V23*$U23,0) -> 0 | X23: =IF($U23<0,ABS($V23*$U23),0) -> 1.7 | Z23: =skemA3!B23 -> 44727 | AA23: ='Tabel 6'!G24 -> -1 | AB23: =P23 -> 582.5 | AC23: =IF($AA23>0,$AB23*$AA23,0) -> 0 | AD23: =IF($AA23<0,ABS($AB23*$AA23),0) -> 582.5 | AF23: =skemA3!B23 -> 44727 | AG23: =AA23 -> -1 | AH23: =V23 -> -1.7 | AI23: =IF($AG23>0,$AH23*$AG23,0) -> 0 | AJ23: =IF($AG23<0,ABS($AH23*$AG23),0) -> 1.7 | AL23: =skemA3!B23 -> 44727 | AM23: ='Tabel 6'!H24 -> -1 | AN23: =AB23 -> 582.5 | AO23: =IF($AM23>0,$AN23*$AM23,0) -> 0 | AP23: =IF($AM23<0,ABS($AN23*$AM23),0) -> 582.5 | AR23: =skemA3!B23 -> 44727 | AS23: =AM23 -> -1 | AT23: =AH23 -> -1.7 | AU23: =IF($AS23>0,$AT23*$AS23,0) -> 0 | AV23: =IF($AS23<0,ABS($AT23*$AS23),0) -> 1.7 | AX23: =skemA3!B23 -> 44727 | AY23: ='Tabel 6'!I24 -> -1 | AZ23: =AN23 -> 582.5 | BA23: =IF($AY23>0,$AZ23*$AY23,0) -> 0 | BB23: =IF($AY23<0,ABS($AZ23*$AY23),0) -> 582.5 | BD23: =skemA3!B23 -> 44727 | BE23: =AY23 -> -1 | BF23: =AT23 -> -1.7 | BG23: =IF($BE23>0,$BF23*$BE23,0) -> 0 | BH23: =IF($BE23<0,ABS($BF23*$BE23),0) -> 1.7 | BJ23: =skemA3!B23 -> 44727 | BK23: ='Tabel 6'!J24 -> -1 | BL23: =AZ23 -> 582.5 | BM23: =IF($BK23>0,$BL23*$BK23,0) -> 0 | BN23: =IF($BK23<0,ABS($BL23*$BK23),0) -> 582.5 | BP23: =skemA3!B23 -> 44727 | BQ23: =BK23 -> -1 | BR23: =BF23 -> -1.7 | BS23: =IF($BQ23>0,$BR23*$BQ23,0) -> 0 | BT23: =IF($BQ23<0,ABS($BR23*$BQ23),0) -> 1.7 | BV23: =skemA3!B23 -> 44727 | BW23: ='Tabel 6'!K24 -> 1 | BX23: =BL23 -> 582.5 | BY23: =IF($BW23>0,$BX23*$BW23,0) -> 582.5 | BZ23: =IF($BW23<0,ABS($BX23*$BW23),0) -> 0 | CB23: =skemA3!B23 -> 44727 | CC23: =BW23 -> 1 | CD23: =BR23 -> -1.7 | CE23: =IF($CC23>0,$CD23*$CC23,0) -> -1.7 | CF23: =IF($CC23<0,ABS($CD23*$CC23),0) -> 0 | CJ23: 2b | CK23: + | CL23: {=TRANSPOSE(AC67:AD67)} -> 5392.6 | CM23: {=TRANSPOSE(AI67:AJ67)} -> 3667.4 | CN23: =IF((CL23-CL24)>0,(CL23-CL24),0) -> 4702.4 | CO23: =IF((CM23-CM24)>0,(CM23-CM24),0) -> 0
B24: =skemA3!B24 -> 44728 | C24: ='Tabel 6'!E25 -> 1 | D24: =skemA3!D62 -> 823.6 | E24: =IF($C24>0,$D24*$C24,0) -> 823.6 | F24: =IF($C24<0,ABS($D24*$C24),0) -> 0 | H24: =skemA3!B24 -> 44728 | I24: ='Tabel 6'!E25 -> 1 | J24: =skemA3!E62 -> 135 | K24: =IF($I24>0,$J24*$I24,0) -> 135 | L24: =IF($I24<0,ABS($J24*$I24),0) -> 0 | N24: =skemA3!B24 -> 44728 | O24: ='Tabel 6'!F25 -> -1 | P24: =D24 -> 823.6 | Q24: =IF($O24>0,$P24*$O24,0) -> 0 | R24: =IF($O24<0,ABS($P24*$O24),0) -> 823.6 | T24: =skemA3!B24 -> 44728 | U24: =O24 -> -1 | V24: =J24 -> 135 | W24: =IF($U24>0,$V24*$U24,0) -> 0 | X24: =IF($U24<0,ABS($V24*$U24),0) -> 135 | Z24: =skemA3!B24 -> 44728 | AA24: ='Tabel 6'!G25 -> -1 | AB24: =P24 -> 823.6 | AC24: =IF($AA24>0,$AB24*$AA24,0) -> 0 | AD24: =IF($AA24<0,ABS($AB24*$AA24),0) -> 823.6 | AF24: =skemA3!B24 -> 44728 | AG24: =AA24 -> -1 | AH24: =V24 -> 135 | AI24: =IF($AG24>0,$AH24*$AG24,0) -> 0 | AJ24: =IF($AG24<0,ABS($AH24*$AG24),0) -> 135 | AL24: =skemA3!B24 -> 44728 | AM24: ='Tabel 6'!H25 -> -1 | AN24: =AB24 -> 823.6 | AO24: =IF($AM24>0,$AN24*$AM24,0) -> 0 | AP24: =IF($AM24<0,ABS($AN24*$AM24),0) -> 823.6 | AR24: =skemA3!B24 -> 44728 | AS24: =AM24 -> -1 | AT24: =AH24 -> 135 | AU24: =IF($AS24>0,$AT24*$AS24,0) -> 0 | AV24: =IF($AS24<0,ABS($AT24*$AS24),0) -> 135 | AX24: =skemA3!B24 -> 44728 | AY24: ='Tabel 6'!I25 -> 1 | AZ24: =AN24 -> 823.6 | BA24: =IF($AY24>0,$AZ24*$AY24,0) -> 823.6 | BB24: =IF($AY24<0,ABS($AZ24*$AY24),0) -> 0 | BD24: =skemA3!B24 -> 44728 | BE24: =AY24 -> 1 | BF24: =AT24 -> 135 | BG24: =IF($BE24>0,$BF24*$BE24,0) -> 135 | BH24: =IF($BE24<0,ABS($BF24*$BE24),0) -> 0 | BJ24: =skemA3!B24 -> 44728 | BK24: ='Tabel 6'!J25 -> -1 | BL24: =AZ24 -> 823.6 | BM24: =IF($BK24>0,$BL24*$BK24,0) -> 0 | BN24: =IF($BK24<0,ABS($BL24*$BK24),0) -> 823.6 | BP24: =skemA3!B24 -> 44728 | BQ24: =BK24 -> -1 | BR24: =BF24 -> 135 | BS24: =IF($BQ24>0,$BR24*$BQ24,0) -> 0 | BT24: =IF($BQ24<0,ABS($BR24*$BQ24),0) -> 135 | BV24: =skemA3!B24 -> 44728 | BW24: ='Tabel 6'!K25 -> 1 | BX24: =BL24 -> 823.6 | BY24: =IF($BW24>0,$BX24*$BW24,0) -> 823.6 | BZ24: =IF($BW24<0,ABS($BX24*$BW24),0) -> 0 | CB24: =skemA3!B24 -> 44728 | CC24: =BW24 -> 1 | CD24: =BR24 -> 135 | CE24: =IF($CC24>0,$CD24*$CC24,0) -> 135 | CF24: =IF($CC24<0,ABS($CD24*$CC24),0) -> 0 | CK24: - | CL24: 690.2 | CM24: 4255.6 | CN24: =IF((CL23-CL24)<0,(CL23-CL24),0) -> 0 | CO24: =IF((CM23-CM24)<0,(CM23-CM24),0) -> -588.2
B25: =skemA3!B25 -> 44729 | C25: ='Tabel 6'!E26 -> 1 | D25: =skemA3!D63 -> 958.6 | E25: =IF($C25>0,$D25*$C25,0) -> 958.6 | F25: =IF($C25<0,ABS($D25*$C25),0) -> 0 | H25: =skemA3!B25 -> 44729 | I25: ='Tabel 6'!E26 -> 1 | J25: =skemA3!E63 -> 388.8 | K25: =IF($I25>0,$J25*$I25,0) -> 388.8 | L25: =IF($I25<0,ABS($J25*$I25),0) -> 0 | N25: =skemA3!B25 -> 44729 | O25: ='Tabel 6'!F26 -> -1 | P25: =D25 -> 958.6 | Q25: =IF($O25>0,$P25*$O25,0) -> 0 | R25: =IF($O25<0,ABS($P25*$O25),0) -> 958.6 | T25: =skemA3!B25 -> 44729 | U25: =O25 -> -1 | V25: =J25 -> 388.8 | W25: =IF($U25>0,$V25*$U25,0) -> 0 | X25: =IF($U25<0,ABS($V25*$U25),0) -> 388.8 | Z25: =skemA3!B25 -> 44729 | AA25: ='Tabel 6'!G26 -> -1 | AB25: =P25 -> 958.6 | AC25: =IF($AA25>0,$AB25*$AA25,0) -> 0 | AD25: =IF($AA25<0,ABS($AB25*$AA25),0) -> 958.6 | AF25: =skemA3!B25 -> 44729 | AG25: =AA25 -> -1 | AH25: =V25 -> 388.8 | AI25: =IF($AG25>0,$AH25*$AG25,0) -> 0 | AJ25: =IF($AG25<0,ABS($AH25*$AG25),0) -> 388.8 | AL25: =skemA3!B25 -> 44729 | AM25: ='Tabel 6'!H26 -> -1 | AN25: =AB25 -> 958.6 | AO25: =IF($AM25>0,$AN25*$AM25,0) -> 0 | AP25: =IF($AM25<0,ABS($AN25*$AM25),0) -> 958.6 | AR25: =skemA3!B25 -> 44729 | AS25: =AM25 -> -1 | AT25: =AH25 -> 388.8 | AU25: =IF($AS25>0,$AT25*$AS25,0) -> 0 | AV25: =IF($AS25<0,ABS($AT25*$AS25),0) -> 388.8 | AX25: =skemA3!B25 -> 44729 | AY25: ='Tabel 6'!I26 -> 1 | AZ25: =AN25 -> 958.6 | BA25: =IF($AY25>0,$AZ25*$AY25,0) -> 958.6 | BB25: =IF($AY25<0,ABS($AZ25*$AY25),0) -> 0 | BD25: =skemA3!B25 -> 44729 | BE25: =AY25 -> 1 | BF25: =AT25 -> 388.8 | BG25: =IF($BE25>0,$BF25*$BE25,0) -> 388.8 | BH25: =IF($BE25<0,ABS($BF25*$BE25),0) -> 0 | BJ25: =skemA3!B25 -> 44729 | BK25: ='Tabel 6'!J26 -> 1 | BL25: =AZ25 -> 958.6 | BM25: =IF($BK25>0,$BL25*$BK25,0) -> 958.6 | BN25: =IF($BK25<0,ABS($BL25*$BK25),0) -> 0 | BP25: =skemA3!B25 -> 44729 | BQ25: =BK25 -> 1 | BR25: =BF25 -> 388.8 | BS25: =IF($BQ25>0,$BR25*$BQ25,0) -> 388.8 | BT25: =IF($BQ25<0,ABS($BR25*$BQ25),0) -> 0 | BV25: =skemA3!B25 -> 44729 | BW25: ='Tabel 6'!K26 -> 1 | BX25: =BL25 -> 958.6 | BY25: =IF($BW25>0,$BX25*$BW25,0) -> 958.6 | BZ25: =IF($BW25<0,ABS($BX25*$BW25),0) -> 0 | CB25: =skemA3!B25 -> 44729 | CC25: =BW25 -> 1 | CD25: =BR25 -> 388.8 | CE25: =IF($CC25>0,$CD25*$CC25,0) -> 388.8 | CF25: =IF($CC25<0,ABS($CD25*$CC25),0) -> 0 | CJ25: 23 | CK25: + | CL25: {=TRANSPOSE(AO67:AP67)} -> 2851.8 | CM25: {=TRANSPOSE(AU67:AV67)} -> 6393.2 | CN25: =IF((CL25-CL26+CL27)>0,(CL25-CL26+CL27),0) -> 0 | CO25: =IF((CM25-CM26+CM27)>0,(CM25-CM26+CM27),0) -> 2936.65
B26: =skemA3!B26 -> 44730 | C26: ='Tabel 6'!E27 -> 1 | D26: =skemA3!D64 -> 965.1 | E26: =IF($C26>0,$D26*$C26,0) -> 965.1 | F26: =IF($C26<0,ABS($D26*$C26),0) -> 0 | H26: =skemA3!B26 -> 44730 | I26: ='Tabel 6'!E27 -> 1 | J26: =skemA3!E64 -> 653.5 | K26: =IF($I26>0,$J26*$I26,0) -> 653.5 | L26: =IF($I26<0,ABS($J26*$I26),0) -> 0 | N26: =skemA3!B26 -> 44730 | O26: ='Tabel 6'!F27 -> -1 | P26: =D26 -> 965.1 | Q26: =IF($O26>0,$P26*$O26,0) -> 0 | R26: =IF($O26<0,ABS($P26*$O26),0) -> 965.1 | T26: =skemA3!B26 -> 44730 | U26: =O26 -> -1 | V26: =J26 -> 653.5 | W26: =IF($U26>0,$V26*$U26,0) -> 0 | X26: =IF($U26<0,ABS($V26*$U26),0) -> 653.5 | Z26: =skemA3!B26 -> 44730 | AA26: ='Tabel 6'!G27 -> 0 | AB26: =P26 -> 965.1 | AC26: =IF($AA26>0,$AB26*$AA26,0) -> 0 | AD26: =IF($AA26<0,ABS($AB26*$AA26),0) -> 0 | AF26: =skemA3!B26 -> 44730 | AG26: =AA26 -> 0 | AH26: =V26 -> 653.5 | AI26: =IF($AG26>0,$AH26*$AG26,0) -> 0 | AJ26: =IF($AG26<0,ABS($AH26*$AG26),0) -> 0 | AL26: =skemA3!B26 -> 44730 | AM26: ='Tabel 6'!H27 -> -1 | AN26: =AB26 -> 965.1 | AO26: =IF($AM26>0,$AN26*$AM26,0) -> 0 | AP26: =IF($AM26<0,ABS($AN26*$AM26),0) -> 965.1 | AR26: =skemA3!B26 -> 44730 | AS26: =AM26 -> -1 | AT26: =AH26 -> 653.5 | AU26: =IF($AS26>0,$AT26*$AS26,0) -> 0 | AV26: =IF($AS26<0,ABS($AT26*$AS26),0) -> 653.5 | AX26: =skemA3!B26 -> 44730 | AY26: ='Tabel 6'!I27 -> 1 | AZ26: =AN26 -> 965.1 | BA26: =IF($AY26>0,$AZ26*$AY26,0) -> 965.1 | BB26: =IF($AY26<0,ABS($AZ26*$AY26),0) -> 0 | BD26: =skemA3!B26 -> 44730 | BE26: =AY26 -> 1 | BF26: =AT26 -> 653.5 | BG26: =IF($BE26>0,$BF26*$BE26,0) -> 653.5 | BH26: =IF($BE26<0,ABS($BF26*$BE26),0) -> 0 | BJ26: =skemA3!B26 -> 44730 | BK26: ='Tabel 6'!J27 -> 1 | BL26: =AZ26 -> 965.1 | BM26: =IF($BK26>0,$BL26*$BK26,0) -> 965.1 | BN26: =IF($BK26<0,ABS($BL26*$BK26),0) -> 0 | BP26: =skemA3!B26 -> 44730 | BQ26: =BK26 -> 1 | BR26: =BF26 -> 653.5 | BS26: =IF($BQ26>0,$BR26*$BQ26,0) -> 653.5 | BT26: =IF($BQ26<0,ABS($BR26*$BQ26),0) -> 0 | BV26: =skemA3!B26 -> 44730 | BW26: ='Tabel 6'!K27 -> 0 | BX26: =BL26 -> 965.1 | BY26: =IF($BW26>0,$BX26*$BW26,0) -> 0 | BZ26: =IF($BW26<0,ABS($BX26*$BW26),0) -> 0 | CB26: =skemA3!B26 -> 44730 | CC26: =BW26 -> 0 | CD26: =BR26 -> 653.5 | CE26: =IF($CC26>0,$CD26*$CC26,0) -> 0 | CF26: =IF($CC26<0,ABS($CD26*$CC26),0) -> 0 | CK26: - | CL26: 4204.95 | CM26: 4456.55 | CN26: =IF((CL25-CL26+CL27)<0,(CL25-CL26+CL27),0) -> -453.15 | CO26: =IF((CM25-CM26+CM27)<0,(CM25-CM26+CM27),0) -> 0
B27: =skemA3!B27 -> 44731 | C27: ='Tabel 6'!E28 -> 1 | D27: =skemA3!D65 -> 901.3 | E27: =IF($C27>0,$D27*$C27,0) -> 901.3 | F27: =IF($C27<0,ABS($D27*$C27),0) -> 0 | H27: =skemA3!B27 -> 44731 | I27: ='Tabel 6'!E28 -> 1 | J27: =skemA3!E65 -> 857.7 | K27: =IF($I27>0,$J27*$I27,0) -> 857.7 | L27: =IF($I27<0,ABS($J27*$I27),0) -> 0 | N27: =skemA3!B27 -> 44731 | O27: ='Tabel 6'!F28 -> -1 | P27: =D27 -> 901.3 | Q27: =IF($O27>0,$P27*$O27,0) -> 0 | R27: =IF($O27<0,ABS($P27*$O27),0) -> 901.3 | T27: =skemA3!B27 -> 44731 | U27: =O27 -> -1 | V27: =J27 -> 857.7 | W27: =IF($U27>0,$V27*$U27,0) -> 0 | X27: =IF($U27<0,ABS($V27*$U27),0) -> 857.7 | Z27: =skemA3!B27 -> 44731 | AA27: ='Tabel 6'!G28 -> 1 | AB27: =P27 -> 901.3 | AC27: =IF($AA27>0,$AB27*$AA27,0) -> 901.3 | AD27: =IF($AA27<0,ABS($AB27*$AA27),0) -> 0 | AF27: =skemA3!B27 -> 44731 | AG27: =AA27 -> 1 | AH27: =V27 -> 857.7 | AI27: =IF($AG27>0,$AH27*$AG27,0) -> 857.7 | AJ27: =IF($AG27<0,ABS($AH27*$AG27),0) -> 0 | AL27: =skemA3!B27 -> 44731 | AM27: ='Tabel 6'!H28 -> 1 | AN27: =AB27 -> 901.3 | AO27: =IF($AM27>0,$AN27*$AM27,0) -> 901.3 | AP27: =IF($AM27<0,ABS($AN27*$AM27),0) -> 0 | AR27: =skemA3!B27 -> 44731 | AS27: =AM27 -> 1 | AT27: =AH27 -> 857.7 | AU27: =IF($AS27>0,$AT27*$AS27,0) -> 857.7 | AV27: =IF($AS27<0,ABS($AT27*$AS27),0) -> 0 | AX27: =skemA3!B27 -> 44731 | AY27: ='Tabel 6'!I28 -> 1 | AZ27: =AN27 -> 901.3 | BA27: =IF($AY27>0,$AZ27*$AY27,0) -> 901.3 | BB27: =IF($AY27<0,ABS($AZ27*$AY27),0) -> 0 | BD27: =skemA3!B27 -> 44731 | BE27: =AY27 -> 1 | BF27: =AT27 -> 857.7 | BG27: =IF($BE27>0,$BF27*$BE27,0) -> 857.7 | BH27: =IF($BE27<0,ABS($BF27*$BE27),0) -> 0 | BJ27: =skemA3!B27 -> 44731 | BK27: ='Tabel 6'!J28 -> 1 | BL27: =AZ27 -> 901.3 | BM27: =IF($BK27>0,$BL27*$BK27,0) -> 901.3 | BN27: =IF($BK27<0,ABS($BL27*$BK27),0) -> 0 | BP27: =skemA3!B27 -> 44731 | BQ27: =BK27 -> 1 | BR27: =BF27 -> 857.7 | BS27: =IF($BQ27>0,$BR27*$BQ27,0) -> 857.7 | BT27: =IF($BQ27<0,ABS($BR27*$BQ27),0) -> 0 | BV27: =skemA3!B27 -> 44731 | BW27: ='Tabel 6'!K28 -> -1 | BX27: =BL27 -> 901.3 | BY27: =IF($BW27>0,$BX27*$BW27,0) -> 0 | BZ27: =IF($BW27<0,ABS($BX27*$BW27),0) -> 901.3 | CB27: =skemA3!B27 -> 44731 | CC27: =BW27 -> -1 | CD27: =BR27 -> 857.7 | CE27: =IF($CC27>0,$CD27*$CC27,0) -> 0 | CF27: =IF($CC27<0,ABS($CD27*$CC27),0) -> 857.7 | CK27: + | CL27: =ABS(skemA3!F42*'Tabel 6'!H4) -> 900 | CM27: =ABS(skemA3!G42*'Tabel 6'!H4) -> 1000
B28: =skemA3!B28 -> 44732 | C28: ='Tabel 6'!E29 -> 1 | D28: =skemA3!D66 -> 748.4 | E28: =IF($C28>0,$D28*$C28,0) -> 748.4 | F28: =IF($C28<0,ABS($D28*$C28),0) -> 0 | H28: =skemA3!B28 -> 44732 | I28: ='Tabel 6'!E29 -> 1 | J28: =skemA3!E66 -> 961.2 | K28: =IF($I28>0,$J28*$I28,0) -> 961.2 | L28: =IF($I28<0,ABS($J28*$I28),0) -> 0 | N28: =skemA3!B28 -> 44732 | O28: ='Tabel 6'!F29 -> -1 | P28: =D28 -> 748.4 | Q28: =IF($O28>0,$P28*$O28,0) -> 0 | R28: =IF($O28<0,ABS($P28*$O28),0) -> 748.4 | T28: =skemA3!B28 -> 44732 | U28: =O28 -> -1 | V28: =J28 -> 961.2 | W28: =IF($U28>0,$V28*$U28,0) -> 0 | X28: =IF($U28<0,ABS($V28*$U28),0) -> 961.2 | Z28: =skemA3!B28 -> 44732 | AA28: ='Tabel 6'!G29 -> 1 | AB28: =P28 -> 748.4 | AC28: =IF($AA28>0,$AB28*$AA28,0) -> 748.4 | AD28: =IF($AA28<0,ABS($AB28*$AA28),0) -> 0 | AF28: =skemA3!B28 -> 44732 | AG28: =AA28 -> 1 | AH28: =V28 -> 961.2 | AI28: =IF($AG28>0,$AH28*$AG28,0) -> 961.2 | AJ28: =IF($AG28<0,ABS($AH28*$AG28),0) -> 0 | AL28: =skemA3!B28 -> 44732 | AM28: ='Tabel 6'!H29 -> 1 | AN28: =AB28 -> 748.4 | AO28: =IF($AM28>0,$AN28*$AM28,0) -> 748.4 | AP28: =IF($AM28<0,ABS($AN28*$AM28),0) -> 0 | AR28: =skemA3!B28 -> 44732 | AS28: =AM28 -> 1 | AT28: =AH28 -> 961.2 | AU28: =IF($AS28>0,$AT28*$AS28,0) -> 961.2 | AV28: =IF($AS28<0,ABS($AT28*$AS28),0) -> 0 | AX28: =skemA3!B28 -> 44732 | AY28: ='Tabel 6'!I29 -> 1 | AZ28: =AN28 -> 748.4 | BA28: =IF($AY28>0,$AZ28*$AY28,0) -> 748.4 | BB28: =IF($AY28<0,ABS($AZ28*$AY28),0) -> 0 | BD28: =skemA3!B28 -> 44732 | BE28: =AY28 -> 1 | BF28: =AT28 -> 961.2 | BG28: =IF($BE28>0,$BF28*$BE28,0) -> 961.2 | BH28: =IF($BE28<0,ABS($BF28*$BE28),0) -> 0 | BJ28: =skemA3!B28 -> 44732 | BK28: ='Tabel 6'!J29 -> 1 | BL28: =AZ28 -> 748.4 | BM28: =IF($BK28>0,$BL28*$BK28,0) -> 748.4 | BN28: =IF($BK28<0,ABS($BL28*$BK28),0) -> 0 | BP28: =skemA3!B28 -> 44732 | BQ28: =BK28 -> 1 | BR28: =BF28 -> 961.2 | BS28: =IF($BQ28>0,$BR28*$BQ28,0) -> 961.2 | BT28: =IF($BQ28<0,ABS($BR28*$BQ28),0) -> 0 | BV28: =skemA3!B28 -> 44732 | BW28: ='Tabel 6'!K29 -> -1 | BX28: =BL28 -> 748.4 | BY28: =IF($BW28>0,$BX28*$BW28,0) -> 0 | BZ28: =IF($BW28<0,ABS($BX28*$BW28),0) -> 748.4 | CB28: =skemA3!B28 -> 44732 | CC28: =BW28 -> -1 | CD28: =BR28 -> 961.2 | CE28: =IF($CC28>0,$CD28*$CC28,0) -> 0 | CF28: =IF($CC28<0,ABS($CD28*$CC28),0) -> 961.2 | CJ28: 2c | CK28: + | CL28: {=TRANSPOSE(BA67:BB67)} -> 3954.2 | CM28: {=TRANSPOSE(BG67:BH67)} -> 8199.6 | CN28: =IF((CL28-CL29)>0,(CL28-CL29),0) -> 1594.55 | CO28: =IF((CM28-CM29)>0,(CM28-CM29),0) -> 6880.75
B29: =skemA3!B29 -> 44733 | C29: ='Tabel 6'!E30 -> 1 | D29: =skemA3!D67 -> 605.9 | E29: =IF($C29>0,$D29*$C29,0) -> 605.9 | F29: =IF($C29<0,ABS($D29*$C29),0) -> 0 | H29: =skemA3!B29 -> 44733 | I29: ='Tabel 6'!E30 -> 1 | J29: =skemA3!E67 -> 946.5 | K29: =IF($I29>0,$J29*$I29,0) -> 946.5 | L29: =IF($I29<0,ABS($J29*$I29),0) -> 0 | N29: =skemA3!B29 -> 44733 | O29: ='Tabel 6'!F30 -> -1 | P29: =D29 -> 605.9 | Q29: =IF($O29>0,$P29*$O29,0) -> 0 | R29: =IF($O29<0,ABS($P29*$O29),0) -> 605.9 | T29: =skemA3!B29 -> 44733 | U29: =O29 -> -1 | V29: =J29 -> 946.5 | W29: =IF($U29>0,$V29*$U29,0) -> 0 | X29: =IF($U29<0,ABS($V29*$U29),0) -> 946.5 | Z29: =skemA3!B29 -> 44733 | AA29: ='Tabel 6'!G30 -> 1 | AB29: =P29 -> 605.9 | AC29: =IF($AA29>0,$AB29*$AA29,0) -> 605.9 | AD29: =IF($AA29<0,ABS($AB29*$AA29),0) -> 0 | AF29: =skemA3!B29 -> 44733 | AG29: =AA29 -> 1 | AH29: =V29 -> 946.5 | AI29: =IF($AG29>0,$AH29*$AG29,0) -> 946.5 | AJ29: =IF($AG29<0,ABS($AH29*$AG29),0) -> 0 | AL29: =skemA3!B29 -> 44733 | AM29: ='Tabel 6'!H30 -> 1 | AN29: =AB29 -> 605.9 | AO29: =IF($AM29>0,$AN29*$AM29,0) -> 605.9 | AP29: =IF($AM29<0,ABS($AN29*$AM29),0) -> 0 | AR29: =skemA3!B29 -> 44733 | AS29: =AM29 -> 1 | AT29: =AH29 -> 946.5 | AU29: =IF($AS29>0,$AT29*$AS29,0) -> 946.5 | AV29: =IF($AS29<0,ABS($AT29*$AS29),0) -> 0 | AX29: =skemA3!B29 -> 44733 | AY29: ='Tabel 6'!I30 -> -1 | AZ29: =AN29 -> 605.9 | BA29: =IF($AY29>0,$AZ29*$AY29,0) -> 0 | BB29: =IF($AY29<0,ABS($AZ29*$AY29),0) -> 605.9 | BD29: =skemA3!B29 -> 44733 | BE29: =AY29 -> -1 | BF29: =AT29 -> 946.5 | BG29: =IF($BE29>0,$BF29*$BE29,0) -> 0 | BH29: =IF($BE29<0,ABS($BF29*$BE29),0) -> 946.5 | BJ29: =skemA3!B29 -> 44733 | BK29: ='Tabel 6'!J30 -> -1 | BL29: =AZ29 -> 605.9 | BM29: =IF($BK29>0,$BL29*$BK29,0) -> 0 | BN29: =IF($BK29<0,ABS($BL29*$BK29),0) -> 605.9 | BP29: =skemA3!B29 -> 44733 | BQ29: =BK29 -> -1 | BR29: =BF29 -> 946.5 | BS29: =IF($BQ29>0,$BR29*$BQ29,0) -> 0 | BT29: =IF($BQ29<0,ABS($BR29*$BQ29),0) -> 946.5 | BV29: =skemA3!B29 -> 44733 | BW29: ='Tabel 6'!K30 -> -1 | BX29: =BL29 -> 605.9 | BY29: =IF($BW29>0,$BX29*$BW29,0) -> 0 | BZ29: =IF($BW29<0,ABS($BX29*$BW29),0) -> 605.9 | CB29: =skemA3!B29 -> 44733 | CC29: =BW29 -> -1 | CD29: =BR29 -> 946.5 | CE29: =IF($CC29>0,$CD29*$CC29,0) -> 0 | CF29: =IF($CC29<0,ABS($CD29*$CC29),0) -> 946.5 | CK29: - | CL29: 2359.65 | CM29: 1318.85 | CN29: =IF((CL28-CL29)<0,(CL28-CL29),0) -> 0 | CO29: =IF((CM28-CM29)<0,(CM28-CM29),0) -> 0
B30: =skemA3!B30 -> 44734 | C30: ='Tabel 6'!E31 -> 1 | D30: =skemA3!D68 -> 483.7 | E30: =IF($C30>0,$D30*$C30,0) -> 483.7 | F30: =IF($C30<0,ABS($D30*$C30),0) -> 0 | H30: =skemA3!B30 -> 44734 | I30: ='Tabel 6'!E31 -> 1 | J30: =skemA3!E68 -> 839.1 | K30: =IF($I30>0,$J30*$I30,0) -> 839.1 | L30: =IF($I30<0,ABS($J30*$I30),0) -> 0 | N30: =skemA3!B30 -> 44734 | O30: ='Tabel 6'!F31 -> 1 | P30: =D30 -> 483.7 | Q30: =IF($O30>0,$P30*$O30,0) -> 483.7 | R30: =IF($O30<0,ABS($P30*$O30),0) -> 0 | T30: =skemA3!B30 -> 44734 | U30: =O30 -> 1 | V30: =J30 -> 839.1 | W30: =IF($U30>0,$V30*$U30,0) -> 839.1 | X30: =IF($U30<0,ABS($V30*$U30),0) -> 0 | Z30: =skemA3!B30 -> 44734 | AA30: ='Tabel 6'!G31 -> 1 | AB30: =P30 -> 483.7 | AC30: =IF($AA30>0,$AB30*$AA30,0) -> 483.7 | AD30: =IF($AA30<0,ABS($AB30*$AA30),0) -> 0 | AF30: =skemA3!B30 -> 44734 | AG30: =AA30 -> 1 | AH30: =V30 -> 839.1 | AI30: =IF($AG30>0,$AH30*$AG30,0) -> 839.1 | AJ30: =IF($AG30<0,ABS($AH30*$AG30),0) -> 0 | AL30: =skemA3!B30 -> 44734 | AM30: ='Tabel 6'!H31 -> 1 | AN30: =AB30 -> 483.7 | AO30: =IF($AM30>0,$AN30*$AM30,0) -> 483.7 | AP30: =IF($AM30<0,ABS($AN30*$AM30),0) -> 0 | AR30: =skemA3!B30 -> 44734 | AS30: =AM30 -> 1 | AT30: =AH30 -> 839.1 | AU30: =IF($AS30>0,$AT30*$AS30,0) -> 839.1 | AV30: =IF($AS30<0,ABS($AT30*$AS30),0) -> 0 | AX30: =skemA3!B30 -> 44734 | AY30: ='Tabel 6'!I31 -> -1 | AZ30: =AN30 -> 483.7 | BA30: =IF($AY30>0,$AZ30*$AY30,0) -> 0 | BB30: =IF($AY30<0,ABS($AZ30*$AY30),0) -> 483.7 | BD30: =skemA3!B30 -> 44734 | BE30: =AY30 -> -1 | BF30: =AT30 -> 839.1 | BG30: =IF($BE30>0,$BF30*$BE30,0) -> 0 | BH30: =IF($BE30<0,ABS($BF30*$BE30),0) -> 839.1 | BJ30: =skemA3!B30 -> 44734 | BK30: ='Tabel 6'!J31 -> -1 | BL30: =AZ30 -> 483.7 | BM30: =IF($BK30>0,$BL30*$BK30,0) -> 0 | BN30: =IF($BK30<0,ABS($BL30*$BK30),0) -> 483.7 | BP30: =skemA3!B30 -> 44734 | BQ30: =BK30 -> -1 | BR30: =BF30 -> 839.1 | BS30: =IF($BQ30>0,$BR30*$BQ30,0) -> 0 | BT30: =IF($BQ30<0,ABS($BR30*$BQ30),0) -> 839.1 | BV30: =skemA3!B30 -> 44734 | BW30: ='Tabel 6'!K31 -> 1 | BX30: =BL30 -> 483.7 | BY30: =IF($BW30>0,$BX30*$BW30,0) -> 483.7 | BZ30: =IF($BW30<0,ABS($BX30*$BW30),0) -> 0 | CB30: =skemA3!B30 -> 44734 | CC30: =BW30 -> 1 | CD30: =BR30 -> 839.1 | CE30: =IF($CC30>0,$CD30*$CC30,0) -> 839.1 | CF30: =IF($CC30<0,ABS($CD30*$CC30),0) -> 0 | CJ30: 42 | CK30: + | CL30: {=TRANSPOSE(Q100:R100)} -> 683.3 | CM30: {=TRANSPOSE(W100:X100)} -> 1672.3 | CN30: =IF((CL30-CL31+CL32)>0,(CL30-CL31+CL32),0) -> 75.3 | CO30: =IF((CM30-CM31+CM32)>0,(CM30-CM31+CM32),0) -> 650.45
B31: =skemA3!B31 -> 44735 | C31: ='Tabel 6'!E32 -> 1 | D31: =skemA3!D69 -> 324 | E31: =IF($C31>0,$D31*$C31,0) -> 324 | F31: =IF($C31<0,ABS($D31*$C31),0) -> 0 | H31: =skemA3!B31 -> 44735 | I31: ='Tabel 6'!E32 -> 1 | J31: =skemA3!E69 -> 667.8 | K31: =IF($I31>0,$J31*$I31,0) -> 667.8 | L31: =IF($I31<0,ABS($J31*$I31),0) -> 0 | N31: =skemA3!B31 -> 44735 | O31: ='Tabel 6'!F32 -> 1 | P31: =D31 -> 324 | Q31: =IF($O31>0,$P31*$O31,0) -> 324 | R31: =IF($O31<0,ABS($P31*$O31),0) -> 0 | T31: =skemA3!B31 -> 44735 | U31: =O31 -> 1 | V31: =J31 -> 667.8 | W31: =IF($U31>0,$V31*$U31,0) -> 667.8 | X31: =IF($U31<0,ABS($V31*$U31),0) -> 0 | Z31: =skemA3!B31 -> 44735 | AA31: ='Tabel 6'!G32 -> 1 | AB31: =P31 -> 324 | AC31: =IF($AA31>0,$AB31*$AA31,0) -> 324 | AD31: =IF($AA31<0,ABS($AB31*$AA31),0) -> 0 | AF31: =skemA3!B31 -> 44735 | AG31: =AA31 -> 1 | AH31: =V31 -> 667.8 | AI31: =IF($AG31>0,$AH31*$AG31,0) -> 667.8 | AJ31: =IF($AG31<0,ABS($AH31*$AG31),0) -> 0 | AL31: =skemA3!B31 -> 44735 | AM31: ='Tabel 6'!H32 -> 1 | AN31: =AB31 -> 324 | AO31: =IF($AM31>0,$AN31*$AM31,0) -> 324 | AP31: =IF($AM31<0,ABS($AN31*$AM31),0) -> 0 | AR31: =skemA3!B31 -> 44735 | AS31: =AM31 -> 1 | AT31: =AH31 -> 667.8 | AU31: =IF($AS31>0,$AT31*$AS31,0) -> 667.8 | AV31: =IF($AS31<0,ABS($AT31*$AS31),0) -> 0 | AX31: =skemA3!B31 -> 44735 | AY31: ='Tabel 6'!I32 -> -1 | AZ31: =AN31 -> 324 | BA31: =IF($AY31>0,$AZ31*$AY31,0) -> 0 | BB31: =IF($AY31<0,ABS($AZ31*$AY31),0) -> 324 | BD31: =skemA3!B31 -> 44735 | BE31: =AY31 -> -1 | BF31: =AT31 -> 667.8 | BG31: =IF($BE31>0,$BF31*$BE31,0) -> 0 | BH31: =IF($BE31<0,ABS($BF31*$BE31),0) -> 667.8 | BJ31: =skemA3!B31 -> 44735 | BK31: ='Tabel 6'!J32 -> -1 | BL31: =AZ31 -> 324 | BM31: =IF($BK31>0,$BL31*$BK31,0) -> 0 | BN31: =IF($BK31<0,ABS($BL31*$BK31),0) -> 324 | BP31: =skemA3!B31 -> 44735 | BQ31: =BK31 -> -1 | BR31: =BF31 -> 667.8 | BS31: =IF($BQ31>0,$BR31*$BQ31,0) -> 0 | BT31: =IF($BQ31<0,ABS($BR31*$BQ31),0) -> 667.8 | BV31: =skemA3!B31 -> 44735 | BW31: ='Tabel 6'!K32 -> 1 | BX31: =BL31 -> 324 | BY31: =IF($BW31>0,$BX31*$BW31,0) -> 324 | BZ31: =IF($BW31<0,ABS($BX31*$BW31),0) -> 0 | CB31: =skemA3!B31 -> 44735 | CC31: =BW31 -> 1 | CD31: =BR31 -> 667.8 | CE31: =IF($CC31>0,$CD31*$CC31,0) -> 667.8 | CF31: =IF($CC31<0,ABS($CD31*$CC31),0) -> 0 | CK31: - | CL31: 708 | CM31: 1221.85 | CN31: =IF((CL30-CL31+CL32)<0,(CL30-CL31+CL32),0) -> 0 | CO31: =IF((CM30-CM31+CM32)<0,(CM30-CM31+CM32),0) -> 0
B32: =skemA3!B32 -> 44736 | C32: ='Tabel 6'!E33 -> 1 | D32: =skemA3!D70 -> 247.2 | E32: =IF($C32>0,$D32*$C32,0) -> 247.2 | F32: =IF($C32<0,ABS($D32*$C32),0) -> 0 | H32: =skemA3!B32 -> 44736 | I32: ='Tabel 6'!E33 -> 1 | J32: =skemA3!E70 -> 570.4 | K32: =IF($I32>0,$J32*$I32,0) -> 570.4 | L32: =IF($I32<0,ABS($J32*$I32),0) -> 0 | N32: =skemA3!B32 -> 44736 | O32: ='Tabel 6'!F33 -> 1 | P32: =D32 -> 247.2 | Q32: =IF($O32>0,$P32*$O32,0) -> 247.2 | R32: =IF($O32<0,ABS($P32*$O32),0) -> 0 | T32: =skemA3!B32 -> 44736 | U32: =O32 -> 1 | V32: =J32 -> 570.4 | W32: =IF($U32>0,$V32*$U32,0) -> 570.4 | X32: =IF($U32<0,ABS($V32*$U32),0) -> 0 | Z32: =skemA3!B32 -> 44736 | AA32: ='Tabel 6'!G33 -> 1 | AB32: =P32 -> 247.2 | AC32: =IF($AA32>0,$AB32*$AA32,0) -> 247.2 | AD32: =IF($AA32<0,ABS($AB32*$AA32),0) -> 0 | AF32: =skemA3!B32 -> 44736 | AG32: =AA32 -> 1 | AH32: =V32 -> 570.4 | AI32: =IF($AG32>0,$AH32*$AG32,0) -> 570.4 | AJ32: =IF($AG32<0,ABS($AH32*$AG32),0) -> 0 | AL32: =skemA3!B32 -> 44736 | AM32: ='Tabel 6'!H33 -> -1 | AN32: =AB32 -> 247.2 | AO32: =IF($AM32>0,$AN32*$AM32,0) -> 0 | AP32: =IF($AM32<0,ABS($AN32*$AM32),0) -> 247.2 | AR32: =skemA3!B32 -> 44736 | AS32: =AM32 -> -1 | AT32: =AH32 -> 570.4 | AU32: =IF($AS32>0,$AT32*$AS32,0) -> 0 | AV32: =IF($AS32<0,ABS($AT32*$AS32),0) -> 570.4 | AX32: =skemA3!B32 -> 44736 | AY32: ='Tabel 6'!I33 -> -1 | AZ32: =AN32 -> 247.2 | BA32: =IF($AY32>0,$AZ32*$AY32,0) -> 0 | BB32: =IF($AY32<0,ABS($AZ32*$AY32),0) -> 247.2 | BD32: =skemA3!B32 -> 44736 | BE32: =AY32 -> -1 | BF32: =AT32 -> 570.4 | BG32: =IF($BE32>0,$BF32*$BE32,0) -> 0 | BH32: =IF($BE32<0,ABS($BF32*$BE32),0) -> 570.4 | BJ32: =skemA3!B32 -> 44736 | BK32: ='Tabel 6'!J33 -> 1 | BL32: =AZ32 -> 247.2 | BM32: =IF($BK32>0,$BL32*$BK32,0) -> 247.2 | BN32: =IF($BK32<0,ABS($BL32*$BK32),0) -> 0 | BP32: =skemA3!B32 -> 44736 | BQ32: =BK32 -> 1 | BR32: =BF32 -> 570.4 | BS32: =IF($BQ32>0,$BR32*$BQ32,0) -> 570.4 | BT32: =IF($BQ32<0,ABS($BR32*$BQ32),0) -> 0 | BV32: =skemA3!B32 -> 44736 | BW32: ='Tabel 6'!K33 -> 1 | BX32: =BL32 -> 247.2 | BY32: =IF($BW32>0,$BX32*$BW32,0) -> 247.2 | BZ32: =IF($BW32<0,ABS($BX32*$BW32),0) -> 0 | CB32: =skemA3!B32 -> 44736 | CC32: =BW32 -> 1 | CD32: =BR32 -> 570.4 | CE32: =IF($CC32>0,$CD32*$CC32,0) -> 570.4 | CF32: =IF($CC32<0,ABS($CD32*$CC32),0) -> 0 | CK32: + | CL32: =ABS(skemA3!H42*'Tabel 6'!F4) -> 100 | CM32: =ABS(skemA3!I42*'Tabel 6'!F4) -> 200
B33: =skemA3!B33 -> 44737 | C33: ='Tabel 6'!E34 -> 1 | D33: =skemA3!D71 -> 210.7 | E33: =IF($C33>0,$D33*$C33,0) -> 210.7 | F33: =IF($C33<0,ABS($D33*$C33),0) -> 0 | H33: =skemA3!B33 -> 44737 | I33: ='Tabel 6'!E34 -> 1 | J33: =skemA3!E71 -> 452.1 | K33: =IF($I33>0,$J33*$I33,0) -> 452.1 | L33: =IF($I33<0,ABS($J33*$I33),0) -> 0 | N33: =skemA3!B33 -> 44737 | O33: ='Tabel 6'!F34 -> 1 | P33: =D33 -> 210.7 | Q33: =IF($O33>0,$P33*$O33,0) -> 210.7 | R33: =IF($O33<0,ABS($P33*$O33),0) -> 0 | T33: =skemA3!B33 -> 44737 | U33: =O33 -> 1 | V33: =J33 -> 452.1 | W33: =IF($U33>0,$V33*$U33,0) -> 452.1 | X33: =IF($U33<0,ABS($V33*$U33),0) -> 0 | Z33: =skemA3!B33 -> 44737 | AA33: ='Tabel 6'!G34 -> 0 | AB33: =P33 -> 210.7 | AC33: =IF($AA33>0,$AB33*$AA33,0) -> 0 | AD33: =IF($AA33<0,ABS($AB33*$AA33),0) -> 0 | AF33: =skemA3!B33 -> 44737 | AG33: =AA33 -> 0 | AH33: =V33 -> 452.1 | AI33: =IF($AG33>0,$AH33*$AG33,0) -> 0 | AJ33: =IF($AG33<0,ABS($AH33*$AG33),0) -> 0 | AL33: =skemA3!B33 -> 44737 | AM33: ='Tabel 6'!H34 -> -1 | AN33: =AB33 -> 210.7 | AO33: =IF($AM33>0,$AN33*$AM33,0) -> 0 | AP33: =IF($AM33<0,ABS($AN33*$AM33),0) -> 210.7 | AR33: =skemA3!B33 -> 44737 | AS33: =AM33 -> -1 | AT33: =AH33 -> 452.1 | AU33: =IF($AS33>0,$AT33*$AS33,0) -> 0 | AV33: =IF($AS33<0,ABS($AT33*$AS33),0) -> 452.1 | AX33: =skemA3!B33 -> 44737 | AY33: ='Tabel 6'!I34 -> -1 | AZ33: =AN33 -> 210.7 | BA33: =IF($AY33>0,$AZ33*$AY33,0) -> 0 | BB33: =IF($AY33<0,ABS($AZ33*$AY33),0) -> 210.7 | BD33: =skemA3!B33 -> 44737 | BE33: =AY33 -> -1 | BF33: =AT33 -> 452.1 | BG33: =IF($BE33>0,$BF33*$BE33,0) -> 0 | BH33: =IF($BE33<0,ABS($BF33*$BE33),0) -> 452.1 | BJ33: =skemA3!B33 -> 44737 | BK33: ='Tabel 6'!J34 -> 1 | BL33: =AZ33 -> 210.7 | BM33: =IF($BK33>0,$BL33*$BK33,0) -> 210.7 | BN33: =IF($BK33<0,ABS($BL33*$BK33),0) -> 0 | BP33: =skemA3!B33 -> 44737 | BQ33: =BK33 -> 1 | BR33: =BF33 -> 452.1 | BS33: =IF($BQ33>0,$BR33*$BQ33,0) -> 452.1 | BT33: =IF($BQ33<0,ABS($BR33*$BQ33),0) -> 0 | BV33: =skemA3!B33 -> 44737 | BW33: ='Tabel 6'!K34 -> 0 | BX33: =BL33 -> 210.7 | BY33: =IF($BW33>0,$BX33*$BW33,0) -> 0 | BZ33: =IF($BW33<0,ABS($BX33*$BW33),0) -> 0 | CB33: =skemA3!B33 -> 44737 | CC33: =BW33 -> 0 | CD33: =BR33 -> 452.1 | CE33: =IF($CC33>0,$CD33*$CC33,0) -> 0 | CF33: =IF($CC33<0,ABS($CD33*$CC33),0) -> 0 | CJ33: 4b | CK33: + | CL33: {=TRANSPOSE(AC100:AD100)} -> 594.9 | CM33: {=TRANSPOSE(AI100:AJ100)} -> 1121.2 | CN33: =IF((CL33-CL34)>0,(CL33-CL34),0) -> 80.1 | CO33: =IF((CM33-CM34)>0,(CM33-CM34),0) -> 0
